date,strategy,asset,ctb
2018-11-30,ERC,SPY,0.5512551581351821
2018-11-30,ERC,VEA,0.5628013797227551
2018-11-30,ERC,EEM,0.545600379292449
2018-11-30,ERC,IEF,0.4999921803116897
2018-11-30,ERC,TLT,0.48781600598124114
2018-11-30,ERC,TIP,0.4776321756882481
2018-11-30,ERC,LQD,0.5374226298358247
2018-11-30,ERC,VNQ,0.5076591331686136
2018-11-30,ERC,GLD,0.49716626132581637
2018-11-30,ERC,DBC,0.5174660750283279
2018-11-30,CTB_ONLY,SPY,0.5157819557692779
2018-11-30,CTB_ONLY,VEA,0.5157822858231405
2018-11-30,CTB_ONLY,EEM,0.5157791639244892
2018-11-30,CTB_ONLY,IEF,0.5157842882638921
2018-11-30,CTB_ONLY,TLT,0.5157794271589377
2018-11-30,CTB_ONLY,TIP,0.5157808982948231
2018-11-30,CTB_ONLY,LQD,0.5157851124545004
2018-11-30,CTB_ONLY,VNQ,0.5157833709442753
2018-11-30,CTB_ONLY,GLD,0.5157833918351159
2018-11-30,CTB_ONLY,DBC,0.515782705652265
2018-11-30,RB_CTB_BAND,SPY,0.5512551577291183
2018-11-30,RB_CTB_BAND,VEA,0.5628013793256224
2018-11-30,RB_CTB_BAND,EEM,0.5456003788896422
2018-11-30,RB_CTB_BAND,IEF,0.49999218081354563
2018-11-30,RB_CTB_BAND,TLT,0.4878160065131621
2018-11-30,RB_CTB_BAND,TIP,0.4776321763902954
2018-11-30,RB_CTB_BAND,LQD,0.5374226296893716
2018-11-30,RB_CTB_BAND,VNQ,0.5076591329825357
2018-11-30,RB_CTB_BAND,GLD,0.4971662611714234
2018-11-30,RB_CTB_BAND,DBC,0.5174660748038208
2018-12-31,ERC,SPY,0.5513880809762298
2018-12-31,ERC,VEA,0.5608358579063849
2018-12-31,ERC,EEM,0.5503595565418622
2018-12-31,ERC,IEF,0.5041580512002954
2018-12-31,ERC,TLT,0.48227960602836795
2018-12-31,ERC,TIP,0.474352818778815
2018-12-31,ERC,LQD,0.5341624936248257
2018-12-31,ERC,VNQ,0.5076587714890721
2018-12-31,ERC,GLD,0.4966957589918926
2018-12-31,ERC,DBC,0.517987861189836
2018-12-31,CTB_ONLY,SPY,0.5153966752521705
2018-12-31,CTB_ONLY,VEA,0.514646562472134
2018-12-31,CTB_ONLY,EEM,0.5154409866886699
2018-12-31,CTB_ONLY,IEF,0.5195990555910842
2018-12-31,CTB_ONLY,TLT,0.5126909044852614
2018-12-31,CTB_ONLY,TIP,0.5138621636650489
2018-12-31,CTB_ONLY,LQD,0.5149023764330638
2018-12-31,CTB_ONLY,VNQ,0.5151816729299911
2018-12-31,CTB_ONLY,GLD,0.5152706988165668
2018-12-31,CTB_ONLY,DBC,0.515022849211619
2018-12-31,RB_CTB_BAND,SPY,0.552509486593057
2018-12-31,RB_CTB_BAND,VEA,0.5617336645928453
2018-12-31,RB_CTB_BAND,EEM,0.551484156126727
2018-12-31,RB_CTB_BAND,IEF,0.5032734886536674
2018-12-31,RB_CTB_BAND,TLT,0.4807199817371652
2018-12-31,RB_CTB_BAND,TIP,0.47288408394259035
2018-12-31,RB_CTB_BAND,LQD,0.5337431993954833
2018-12-31,RB_CTB_BAND,VNQ,0.5085055731030078
2018-12-31,RB_CTB_BAND,GLD,0.49711425467556547
2018-12-31,RB_CTB_BAND,DBC,0.5183269616799663
2019-01-31,ERC,SPY,0.5561871749453047
2019-01-31,ERC,VEA,0.5619341649976103
2019-01-31,ERC,EEM,0.5478437464698978
2019-01-31,ERC,IEF,0.4979394144739052
2019-01-31,ERC,TLT,0.48387719674669205
2019-01-31,ERC,TIP,0.472090036971872
2019-01-31,ERC,LQD,0.5345874033587692
2019-01-31,ERC,VNQ,0.5100373868198183
2019-01-31,ERC,GLD,0.494199129474705
2019-01-31,ERC,DBC,0.5139306194007358
2019-01-31,CTB_ONLY,SPY,0.5159129537288063
2019-01-31,CTB_ONLY,VEA,0.5138166276801475
2019-01-31,CTB_ONLY,EEM,0.5128773177646304
2019-01-31,CTB_ONLY,IEF,0.5145474191002567
2019-01-31,CTB_ONLY,TLT,0.5155034765099462
2019-01-31,CTB_ONLY,TIP,0.5129615540000058
2019-01-31,CTB_ONLY,LQD,0.5141857295346131
2019-01-31,CTB_ONLY,VNQ,0.5142622221421282
2019-01-31,CTB_ONLY,GLD,0.5141424869992065
2019-01-31,CTB_ONLY,DBC,0.5140981901956597
2019-01-31,RB_CTB_BAND,SPY,0.5571180767716609
2019-01-31,RB_CTB_BAND,VEA,0.5626440674489122
2019-01-31,RB_CTB_BAND,EEM,0.5485175397399846
2019-01-31,RB_CTB_BAND,IEF,0.49721965400460033
2019-01-31,RB_CTB_BAND,TLT,0.483241859767312
2019-01-31,RB_CTB_BAND,TIP,0.4713683680934932
2019-01-31,RB_CTB_BAND,LQD,0.5341950358688154
2019-01-31,RB_CTB_BAND,VNQ,0.5106255455162616
2019-01-31,RB_CTB_BAND,GLD,0.4943928575305056
2019-01-31,RB_CTB_BAND,DBC,0.5135687822217648
2019-02-28,ERC,SPY,0.5593323057179919
2019-02-28,ERC,VEA,0.5600805316427017
2019-02-28,ERC,EEM,0.5535388379404678
2019-02-28,ERC,IEF,0.5016312401656418
2019-02-28,ERC,TLT,0.4937489699677706
2019-02-28,ERC,TIP,0.48236231113891204
2019-02-28,ERC,LQD,0.5335419656361846
2019-02-28,ERC,VNQ,0.5161874415372879
2019-02-28,ERC,GLD,0.49588547965855134
2019-02-28,ERC,DBC,0.5266273572325628
2019-02-28,CTB_ONLY,SPY,0.5204125214658636
2019-02-28,CTB_ONLY,VEA,0.518606208918948
2019-02-28,CTB_ONLY,EEM,0.5202858590484652
2019-02-28,CTB_ONLY,IEF,0.5165762009218596
2019-02-28,CTB_ONLY,TLT,0.5218118437480638
2019-02-28,CTB_ONLY,TIP,0.5211383729235456
2019-02-28,CTB_ONLY,LQD,0.5189509099093711
2019-02-28,CTB_ONLY,VNQ,0.5196077635410224
2019-02-28,CTB_ONLY,GLD,0.5194874218246547
2019-02-28,CTB_ONLY,DBC,0.5195746774735994
2019-02-28,RB_CTB_BAND,SPY,0.5575876267991512
2019-02-28,RB_CTB_BAND,VEA,0.5582009898831177
2019-02-28,RB_CTB_BAND,EEM,0.5518492626770838
2019-02-28,RB_CTB_BAND,IEF,0.5037702237777969
2019-02-28,RB_CTB_BAND,TLT,0.49643805666235713
2019-02-28,RB_CTB_BAND,TIP,0.48530432615373426
2019-02-28,RB_CTB_BAND,LQD,0.5310056576819039
2019-02-28,RB_CTB_BAND,VNQ,0.5163084655148249
2019-02-28,RB_CTB_BAND,GLD,0.49435298906635095
2019-02-28,RB_CTB_BAND,DBC,0.5272715645618898
2019-03-29,ERC,SPY,0.560698105319148
2019-03-29,ERC,VEA,0.5619836094766819
2019-03-29,ERC,EEM,0.5532999797634528
2019-03-29,ERC,IEF,0.4976015386960265
2019-03-29,ERC,TLT,0.4943743170646226
2019-03-29,ERC,TIP,0.4859230551852074
2019-03-29,ERC,LQD,0.5353519179131496
2019-03-29,ERC,VNQ,0.519925836109127
2019-03-29,ERC,GLD,0.49172723473104335
2019-03-29,ERC,DBC,0.5271734596089728
2019-03-29,CTB_ONLY,SPY,0.5202138428673111
2019-03-29,CTB_ONLY,VEA,0.5202139150190247
2019-03-29,CTB_ONLY,EEM,0.520211087324761
2019-03-29,CTB_ONLY,IEF,0.5202153585776056
2019-03-29,CTB_ONLY,TLT,0.520211179662571
2019-03-29,CTB_ONLY,TIP,0.5202134747805546
2019-03-29,CTB_ONLY,LQD,0.5202169582570481
2019-03-29,CTB_ONLY,VNQ,0.5202152018690059
2019-03-29,CTB_ONLY,GLD,0.5202151685979695
2019-03-29,CTB_ONLY,DBC,0.5202145852348596
2019-03-29,RB_CTB_BAND,SPY,0.5602597493564118
2019-03-29,RB_CTB_BAND,VEA,0.5616134175522718
2019-03-29,RB_CTB_BAND,EEM,0.5528367350000769
2019-03-29,RB_CTB_BAND,IEF,0.49805359155006973
2019-03-29,RB_CTB_BAND,TLT,0.49558527418683856
2019-03-29,RB_CTB_BAND,TIP,0.48759337341069486
2019-03-29,RB_CTB_BAND,LQD,0.5338842830595985
2019-03-29,RB_CTB_BAND,VNQ,0.5206549544187431
2019-03-29,RB_CTB_BAND,GLD,0.49008606905930935
2019-03-29,RB_CTB_BAND,DBC,0.527225722757934
2019-04-30,ERC,SPY,0.56262367451594
2019-04-30,ERC,VEA,0.5652617025451157
2019-04-30,ERC,EEM,0.5541214904187752
2019-04-30,ERC,IEF,0.49971093955498963
2019-04-30,ERC,TLT,0.492358942878182
2019-04-30,ERC,TIP,0.48702177553320614
2019-04-30,ERC,LQD,0.535052653662196
2019-04-30,ERC,VNQ,0.5238324339820056
2019-04-30,ERC,GLD,0.4958953762465073
2019-04-30,ERC,DBC,0.5280411657103566
2019-04-30,CTB_ONLY,SPY,0.5217083479355027
2019-04-30,CTB_ONLY,VEA,0.5226851519823525
2019-04-30,CTB_ONLY,EEM,0.5212256757182322
2019-04-30,CTB_ONLY,IEF,0.5235156908395076
2019-04-30,CTB_ONLY,TLT,0.5195373027662225
2019-04-30,CTB_ONLY,TIP,0.5220303656783946
2019-04-30,CTB_ONLY,LQD,0.5216779165055041
2019-04-30,CTB_ONLY,VNQ,0.5220755424545104
2019-04-30,CTB_ONLY,GLD,0.5220752224877296
2019-04-30,CTB_ONLY,DBC,0.5215594084724533
2019-04-30,RB_CTB_BAND,SPY,0.5628579341333023
2019-04-30,RB_CTB_BAND,VEA,0.5655176092037174
2019-04-30,RB_CTB_BAND,EEM,0.5544299852370527
2019-04-30,RB_CTB_BAND,IEF,0.4991382766554867
2019-04-30,RB_CTB_BAND,TLT,0.4920459544334495
2019-04-30,RB_CTB_BAND,TIP,0.4870831926860349
2019-04-30,RB_CTB_BAND,LQD,0.5341795046368963
2019-04-30,RB_CTB_BAND,VNQ,0.5249451001183497
2019-04-30,RB_CTB_BAND,GLD,0.49532632765086076
2019-04-30,RB_CTB_BAND,DBC,0.5284981281060983
2019-05-31,ERC,SPY,0.5685689766169592
2019-05-31,ERC,VEA,0.5630190767313412
2019-05-31,ERC,EEM,0.5603641964451339
2019-05-31,ERC,IEF,0.5004343671165077
2019-05-31,ERC,TLT,0.4942346112229647
2019-05-31,ERC,TIP,0.4880536314789918
2019-05-31,ERC,LQD,0.5296098190992624
2019-05-31,ERC,VNQ,0.5244123374597187
2019-05-31,ERC,GLD,0.4973615116309831
2019-05-31,ERC,DBC,0.528978782226268
2019-05-31,CTB_ONLY,SPY,0.524123577254493
2019-05-31,CTB_ONLY,VEA,0.5215778483634697
2019-05-31,CTB_ONLY,EEM,0.5232977916816458
2019-05-31,CTB_ONLY,IEF,0.5241494072257354
2019-05-31,CTB_ONLY,TLT,0.5214845254534552
2019-05-31,CTB_ONLY,TIP,0.5237096452907117
2019-05-31,CTB_ONLY,LQD,0.521764505474911
2019-05-31,CTB_ONLY,VNQ,0.5226278577248193
2019-05-31,CTB_ONLY,GLD,0.5226167127664411
2019-05-31,CTB_ONLY,DBC,0.5225555096728016
2019-05-31,RB_CTB_BAND,SPY,0.5683381218520406
2019-05-31,RB_CTB_BAND,VEA,0.5626957921109492
2019-05-31,RB_CTB_BAND,EEM,0.560122483493194
2019-05-31,RB_CTB_BAND,IEF,0.5010919844890672
2019-05-31,RB_CTB_BAND,TLT,0.495172196292454
2019-05-31,RB_CTB_BAND,TIP,0.4893294046371914
2019-05-31,RB_CTB_BAND,LQD,0.5273675297800205
2019-05-31,RB_CTB_BAND,VNQ,0.5245600584757082
2019-05-31,RB_CTB_BAND,GLD,0.4973376519858952
2019-05-31,RB_CTB_BAND,DBC,0.5287345360183421
2019-06-28,ERC,SPY,0.5754184163251178
2019-06-28,ERC,VEA,0.5689287394083405
2019-06-28,ERC,EEM,0.560397567315567
2019-06-28,ERC,IEF,0.49943722446497824
2019-06-28,ERC,TLT,0.49327934594839506
2019-06-28,ERC,TIP,0.4900572871931519
2019-06-28,ERC,LQD,0.5253706368056676
2019-06-28,ERC,VNQ,0.527699490660398
2019-06-28,ERC,GLD,0.496821558780918
2019-06-28,ERC,DBC,0.536417120050256
2019-06-28,CTB_ONLY,SPY,0.525354818967734
2019-06-28,CTB_ONLY,VEA,0.5242792097491267
2019-06-28,CTB_ONLY,EEM,0.5235098653554006
2019-06-28,CTB_ONLY,IEF,0.5238196653411611
2019-06-28,CTB_ONLY,TLT,0.5225177855672045
2019-06-28,CTB_ONLY,TIP,0.5270542014154582
2019-06-28,CTB_ONLY,LQD,0.5232486729508994
2019-06-28,CTB_ONLY,VNQ,0.5238829741729707
2019-06-28,CTB_ONLY,GLD,0.5238908351984032
2019-06-28,CTB_ONLY,DBC,0.5240663561566005
2019-06-28,RB_CTB_BAND,SPY,0.577348571728788
2019-06-28,RB_CTB_BAND,VEA,0.5706495446378573
2019-06-28,RB_CTB_BAND,EEM,0.5617695921054252
2019-06-28,RB_CTB_BAND,IEF,0.497101611489678
2019-06-28,RB_CTB_BAND,TLT,0.4914599936008297
2019-06-28,RB_CTB_BAND,TIP,0.48847283600729663
2019-06-28,RB_CTB_BAND,LQD,0.5233105532097724
2019-06-28,RB_CTB_BAND,VNQ,0.5290808440476555
2019-06-28,RB_CTB_BAND,GLD,0.49730117124173745
2019-06-28,RB_CTB_BAND,DBC,0.538033282435007
2019-07-31,ERC,SPY,0.5703655924938149
2019-07-31,ERC,VEA,0.5603519327991516
2019-07-31,ERC,EEM,0.5535395631292583
2019-07-31,ERC,IEF,0.498402000705845
2019-07-31,ERC,TLT,0.47939126278750727
2019-07-31,ERC,TIP,0.47781422879244384
2019-07-31,ERC,LQD,0.5255088957241199
2019-07-31,ERC,VNQ,0.5240307272808992
2019-07-31,ERC,GLD,0.4960995963410379
2019-07-31,ERC,DBC,0.5215555642294087
2019-07-31,CTB_ONLY,SPY,0.5173498605867638
2019-07-31,CTB_ONLY,VEA,0.5173496190784148
2019-07-31,CTB_ONLY,EEM,0.5173464467656744
2019-07-31,CTB_ONLY,IEF,0.5173520187410288
2019-07-31,CTB_ONLY,TLT,0.5173461413272336
2019-07-31,CTB_ONLY,TIP,0.5173491325855037
2019-07-31,CTB_ONLY,LQD,0.5173527854191134
2019-07-31,CTB_ONLY,VNQ,0.5173511816263637
2019-07-31,CTB_ONLY,GLD,0.5173511709559698
2019-07-31,CTB_ONLY,DBC,0.5173503684448927
2019-07-31,RB_CTB_BAND,SPY,0.572528347463117
2019-07-31,RB_CTB_BAND,VEA,0.5622968829057635
2019-07-31,RB_CTB_BAND,EEM,0.5553587614357829
2019-07-31,RB_CTB_BAND,IEF,0.49588966901701315
2019-07-31,RB_CTB_BAND,TLT,0.4765643904527574
2019-07-31,RB_CTB_BAND,TIP,0.4747643729081266
2019-07-31,RB_CTB_BAND,LQD,0.5264408573170907
2019-07-31,RB_CTB_BAND,VNQ,0.5249455871650595
2019-07-31,RB_CTB_BAND,GLD,0.49784087580500663
2019-07-31,RB_CTB_BAND,DBC,0.5213766531888152
2019-08-30,ERC,SPY,0.5679081224849012
2019-08-30,ERC,VEA,0.5660878519775506
2019-08-30,ERC,EEM,0.5576254554901876
2019-08-30,ERC,IEF,0.4951104658291314
2019-08-30,ERC,TLT,0.4837367636010414
2019-08-30,ERC,TIP,0.4826130415888495
2019-08-30,ERC,LQD,0.5324598990324191
2019-08-30,ERC,VNQ,0.5302602090129414
2019-08-30,ERC,GLD,0.49276989064625565
2019-08-30,ERC,DBC,0.5261113336009267
2019-08-30,CTB_ONLY,SPY,0.5202323495382402
2019-08-30,CTB_ONLY,VEA,0.5202324143967911
2019-08-30,CTB_ONLY,EEM,0.5202295752075684
2019-08-30,CTB_ONLY,IEF,0.5202340588233821
2019-08-30,CTB_ONLY,TLT,0.5202292811445351
2019-08-30,CTB_ONLY,TIP,0.5202323020225181
2019-08-30,CTB_ONLY,LQD,0.5202356236802846
2019-08-30,CTB_ONLY,VNQ,0.5202339584543807
2019-08-30,CTB_ONLY,GLD,0.5202339715169302
2019-08-30,CTB_ONLY,DBC,0.5202332625372967
2019-08-30,RB_CTB_BAND,SPY,0.568572349934482
2019-08-30,RB_CTB_BAND,VEA,0.5668727372516374
2019-08-30,RB_CTB_BAND,EEM,0.5581393172733035
2019-08-30,RB_CTB_BAND,IEF,0.4933486358705713
2019-08-30,RB_CTB_BAND,TLT,0.48239859724939
2019-08-30,RB_CTB_BAND,TIP,0.48126092313386676
2019-08-30,RB_CTB_BAND,LQD,0.5335824799107466
2019-08-30,RB_CTB_BAND,VNQ,0.5320656318551887
2019-08-30,RB_CTB_BAND,GLD,0.49250295496799407
2019-08-30,RB_CTB_BAND,DBC,0.5264421174020408
2019-09-30,ERC,SPY,0.5666960061998175
2019-09-30,ERC,VEA,0.5648570436753826
2019-09-30,ERC,EEM,0.5631893057571853
2019-09-30,ERC,IEF,0.49623147545196056
2019-09-30,ERC,TLT,0.48043432806276
2019-09-30,ERC,TIP,0.48325954344858707
2019-09-30,ERC,LQD,0.5293104743525792
2019-09-30,ERC,VNQ,0.5293054801349789
2019-09-30,ERC,GLD,0.49016363726056106
2019-09-30,ERC,DBC,0.5222401755427845
2019-09-30,CTB_ONLY,SPY,0.5191608243375884
2019-09-30,CTB_ONLY,VEA,0.518459983341878
2019-09-30,CTB_ONLY,EEM,0.5201608324179163
2019-09-30,CTB_ONLY,IEF,0.5209275329457284
2019-09-30,CTB_ONLY,TLT,0.5171685403041515
2019-09-30,CTB_ONLY,TIP,0.5202372358482005
2019-09-30,CTB_ONLY,LQD,0.5183885440679112
2019-09-30,CTB_ONLY,VNQ,0.5190555682260589
2019-09-30,CTB_ONLY,GLD,0.5191120193844048
2019-09-30,CTB_ONLY,DBC,0.5189778586126179
2019-09-30,RB_CTB_BAND,SPY,0.5669809810236952
2019-09-30,RB_CTB_BAND,VEA,0.5653007861518716
2019-09-30,RB_CTB_BAND,EEM,0.5636364934769459
2019-09-30,RB_CTB_BAND,IEF,0.4956437354405264
2019-09-30,RB_CTB_BAND,TLT,0.4798632239770231
2019-09-30,RB_CTB_BAND,TIP,0.48293361038383664
2019-09-30,RB_CTB_BAND,LQD,0.529954431655584
2019-09-30,RB_CTB_BAND,VNQ,0.5296697512252101
2019-09-30,RB_CTB_BAND,GLD,0.48976261392170817
2019-09-30,RB_CTB_BAND,DBC,0.5221731008344538
2019-10-31,ERC,SPY,0.5681422070698094
2019-10-31,ERC,VEA,0.5662788395855102
2019-10-31,ERC,EEM,0.5652197916012145
2019-10-31,ERC,IEF,0.4960754856869161
2019-10-31,ERC,TLT,0.48636731923786136
2019-10-31,ERC,TIP,0.4917942873200417
2019-10-31,ERC,LQD,0.5256238717373907
2019-10-31,ERC,VNQ,0.5233065999909967
2019-10-31,ERC,GLD,0.49128252289973157
2019-10-31,ERC,DBC,0.5266888769157969
2019-10-31,CTB_ONLY,SPY,0.52079236028686
2019-10-31,CTB_ONLY,VEA,0.5207925869299246
2019-10-31,CTB_ONLY,EEM,0.5207897116565194
2019-10-31,CTB_ONLY,IEF,0.5207936392834492
2019-10-31,CTB_ONLY,TLT,0.520789068744976
2019-10-31,CTB_ONLY,TIP,0.5207931250668614
2019-10-31,CTB_ONLY,LQD,0.520795372504883
2019-10-31,CTB_ONLY,VNQ,0.5207938800253291
2019-10-31,CTB_ONLY,GLD,0.5207939562395026
2019-10-31,CTB_ONLY,DBC,0.5207932520120548
2019-10-31,RB_CTB_BAND,SPY,0.5663623463959538
2019-10-31,RB_CTB_BAND,VEA,0.5643578286735318
2019-10-31,RB_CTB_BAND,EEM,0.5636189477353468
2019-10-31,RB_CTB_BAND,IEF,0.4979727752902302
2019-10-31,RB_CTB_BAND,TLT,0.48884106091124824
2019-10-31,RB_CTB_BAND,TIP,0.49498169672172626
2019-10-31,RB_CTB_BAND,LQD,0.5232422963095728
2019-10-31,RB_CTB_BAND,VNQ,0.5225697643801163
2019-10-31,RB_CTB_BAND,GLD,0.4909646129942774
2019-10-31,RB_CTB_BAND,DBC,0.5269283889296714
2019-11-29,ERC,SPY,0.5692202058658385
2019-11-29,ERC,VEA,0.5628291540427807
2019-11-29,ERC,EEM,0.5642317445055166
2019-11-29,ERC,IEF,0.4974990909885292
2019-11-29,ERC,TLT,0.4874300288060938
2019-11-29,ERC,TIP,0.4872776745471568
2019-11-29,ERC,LQD,0.5221127219966569
2019-11-29,ERC,VNQ,0.5223953960424104
2019-11-29,ERC,GLD,0.4888504860724305
2019-11-29,ERC,DBC,0.5246602424603471
2019-11-29,CTB_ONLY,SPY,0.5206800664863194
2019-11-29,CTB_ONLY,VEA,0.5184340452021546
2019-11-29,CTB_ONLY,EEM,0.5196863015210728
2019-11-29,CTB_ONLY,IEF,0.5215533294200306
2019-11-29,CTB_ONLY,TLT,0.5208315679702513
2019-11-29,CTB_ONLY,TIP,0.5156889493377603
2019-11-29,CTB_ONLY,LQD,0.5187700459668299
2019-11-29,CTB_ONLY,VNQ,0.5193252620089174
2019-11-29,CTB_ONLY,GLD,0.5191691881323787
2019-11-29,CTB_ONLY,DBC,0.5190985996227507
2019-11-29,RB_CTB_BAND,SPY,0.5687140921156458
2019-11-29,RB_CTB_BAND,VEA,0.5620295748350196
2019-11-29,RB_CTB_BAND,EEM,0.5637100054690429
2019-11-29,RB_CTB_BAND,IEF,0.49842739512693307
2019-11-29,RB_CTB_BAND,TLT,0.4885940681694829
2019-11-29,RB_CTB_BAND,TIP,0.4887710930042206
2019-11-29,RB_CTB_BAND,LQD,0.52006093366972
2019-11-29,RB_CTB_BAND,VNQ,0.522432490748927
2019-11-29,RB_CTB_BAND,GLD,0.4883703010314576
2019-11-29,RB_CTB_BAND,DBC,0.5250344327957076
2019-12-31,ERC,SPY,0.5707967672775064
2019-12-31,ERC,VEA,0.5632400733976071
2019-12-31,ERC,EEM,0.5597547496754278
2019-12-31,ERC,IEF,0.49375864296221184
2019-12-31,ERC,TLT,0.4841074217175954
2019-12-31,ERC,TIP,0.4871460899503518
2019-12-31,ERC,LQD,0.5206285710450183
2019-12-31,ERC,VNQ,0.5359635143039495
2019-12-31,ERC,GLD,0.47420347672242374
2019-12-31,ERC,DBC,0.5243308495564754
2019-12-31,CTB_ONLY,SPY,0.517209550696914
2019-12-31,CTB_ONLY,VEA,0.5172097888664896
2019-12-31,CTB_ONLY,EEM,0.5172064589812121
2019-12-31,CTB_ONLY,IEF,0.5172109698668351
2019-12-31,CTB_ONLY,TLT,0.51720604593958
2019-12-31,CTB_ONLY,TIP,0.5172100679470213
2019-12-31,CTB_ONLY,LQD,0.517212545309214
2019-12-31,CTB_ONLY,VNQ,0.517211184423773
2019-12-31,CTB_ONLY,GLD,0.5172110232135178
2019-12-31,CTB_ONLY,DBC,0.5172103561788016
2019-12-31,RB_CTB_BAND,SPY,0.5716324939597529
2019-12-31,RB_CTB_BAND,VEA,0.5639285002538891
2019-12-31,RB_CTB_BAND,EEM,0.560496234648994
2019-12-31,RB_CTB_BAND,IEF,0.4930987868078756
2019-12-31,RB_CTB_BAND,TLT,0.48363199115748406
2019-12-31,RB_CTB_BAND,TIP,0.4870621070079229
2019-12-31,RB_CTB_BAND,LQD,0.5196761691286795
2019-12-31,RB_CTB_BAND,VNQ,0.5382210125447866
2019-12-31,RB_CTB_BAND,GLD,0.47127015439640935
2019-12-31,RB_CTB_BAND,DBC,0.5254740902074271
2020-01-31,ERC,SPY,0.5728193504473298
2020-01-31,ERC,VEA,0.5589936263214254
2020-01-31,ERC,EEM,0.5577457224912457
2020-01-31,ERC,IEF,0.49391998638701345
2020-01-31,ERC,TLT,0.48317423204148957
2020-01-31,ERC,TIP,0.4876039315598545
2020-01-31,ERC,LQD,0.5283186101961395
2020-01-31,ERC,VNQ,0.5350690941616474
2020-01-31,ERC,GLD,0.4820854403936153
2020-01-31,ERC,DBC,0.5210588825529501
2020-01-31,CTB_ONLY,SPY,0.5183656362413807
2020-01-31,CTB_ONLY,VEA,0.5183655729282981
2020-01-31,CTB_ONLY,EEM,0.5183621734256194
2020-01-31,CTB_ONLY,IEF,0.5183667571259416
2020-01-31,CTB_ONLY,TLT,0.5183619525453987
2020-01-31,CTB_ONLY,TIP,0.5183659786776954
2020-01-31,CTB_ONLY,LQD,0.5183685112851041
2020-01-31,CTB_ONLY,VNQ,0.5183671138930677
2020-01-31,CTB_ONLY,GLD,0.518367025646501
2020-01-31,CTB_ONLY,DBC,0.5183661687769688
2020-01-31,RB_CTB_BAND,SPY,0.5736641484639602
2020-01-31,RB_CTB_BAND,VEA,0.5596404298890405
2020-01-31,RB_CTB_BAND,EEM,0.5583970342398636
2020-01-31,RB_CTB_BAND,IEF,0.49290792629462754
2020-01-31,RB_CTB_BAND,TLT,0.48204707877985525
2020-01-31,RB_CTB_BAND,TIP,0.48689239061410794
2020-01-31,RB_CTB_BAND,LQD,0.5299460837828697
2020-01-31,RB_CTB_BAND,VNQ,0.5356069952399525
2020-01-31,RB_CTB_BAND,GLD,0.48117385652543126
2020-01-31,RB_CTB_BAND,DBC,0.5209637086076241
2020-02-28,ERC,SPY,0.5714806268656407
2020-02-28,ERC,VEA,0.5574843890723654
2020-02-28,ERC,EEM,0.5531504720603062
2020-02-28,ERC,IEF,0.48777212237139156
2020-02-28,ERC,TLT,0.4809711334113637
2020-02-28,ERC,TIP,0.488097533857332
2020-02-28,ERC,LQD,0.521822367925625
2020-02-28,ERC,VNQ,0.5315993720470955
2020-02-28,ERC,GLD,0.47909744074885463
2020-02-28,ERC,DBC,0.526416452429059
2020-02-28,CTB_ONLY,SPY,0.5164495513748818
2020-02-28,CTB_ONLY,VEA,0.5167474468320815
2020-02-28,CTB_ONLY,EEM,0.515604873934738
2020-02-28,CTB_ONLY,IEF,0.5138156576812828
2020-02-28,CTB_ONLY,TLT,0.5162021138996997
2020-02-28,CTB_ONLY,TIP,0.5189172279656934
2020-02-28,CTB_ONLY,LQD,0.5150122330299703
2020-02-28,CTB_ONLY,VNQ,0.5158720928186894
2020-02-28,CTB_ONLY,GLD,0.5157419890375349
2020-02-28,CTB_ONLY,DBC,0.5159762642478546
2020-02-28,RB_CTB_BAND,SPY,0.5713304598899531
2020-02-28,RB_CTB_BAND,VEA,0.5574298013067845
2020-02-28,RB_CTB_BAND,EEM,0.5529803958502594
2020-02-28,RB_CTB_BAND,IEF,0.4881342469511251
2020-02-28,RB_CTB_BAND,TLT,0.4815440742096562
2020-02-28,RB_CTB_BAND,TIP,0.48900873215956026
2020-02-28,RB_CTB_BAND,LQD,0.5207511297505736
2020-02-28,RB_CTB_BAND,VNQ,0.5316933874414871
2020-02-28,RB_CTB_BAND,GLD,0.47809966431092277
2020-02-28,RB_CTB_BAND,DBC,0.5268389990734639
2020-03-31,ERC,SPY,0.5729675642887085
2020-03-31,ERC,VEA,0.5579166841046228
2020-03-31,ERC,EEM,0.5498677001495582
2020-03-31,ERC,IEF,0.48713836046514253
2020-03-31,ERC,TLT,0.48017479074579467
2020-03-31,ERC,TIP,0.48835149112319914
2020-03-31,ERC,LQD,0.5266475519807083
2020-03-31,ERC,VNQ,0.5293590614948864
2020-03-31,ERC,GLD,0.48174171462231685
2020-03-31,ERC,DBC,0.5170832224298793
2020-03-31,CTB_ONLY,SPY,0.5153901337339508
2020-03-31,CTB_ONLY,VEA,0.5153899421568802
2020-03-31,CTB_ONLY,EEM,0.5153861069733676
2020-03-31,CTB_ONLY,IEF,0.515390534438172
2020-03-31,CTB_ONLY,TLT,0.5153859760546095
2020-03-31,CTB_ONLY,TIP,0.5153910415866133
2020-03-31,CTB_ONLY,LQD,0.5153929212982981
2020-03-31,CTB_ONLY,VNQ,0.5153914009624904
2020-03-31,CTB_ONLY,GLD,0.5153913554785358
2020-03-31,CTB_ONLY,DBC,0.5153905288679617
2020-03-31,RB_CTB_BAND,SPY,0.5730438710852382
2020-03-31,RB_CTB_BAND,VEA,0.5579632592502095
2020-03-31,RB_CTB_BAND,EEM,0.5498769263831036
2020-03-31,RB_CTB_BAND,IEF,0.48710160515670736
2020-03-31,RB_CTB_BAND,TLT,0.480322828314858
2020-03-31,RB_CTB_BAND,TIP,0.4889453373999212
2020-03-31,RB_CTB_BAND,LQD,0.5270262172558228
2020-03-31,RB_CTB_BAND,VNQ,0.5297127181812644
2020-03-31,RB_CTB_BAND,GLD,0.4810759691321527
2020-03-31,RB_CTB_BAND,DBC,0.5162031626260931
2020-04-30,ERC,SPY,0.5737645499053068
2020-04-30,ERC,VEA,0.5573568840867957
2020-04-30,ERC,EEM,0.5533210827384932
2020-04-30,ERC,IEF,0.4890513854751894
2020-04-30,ERC,TLT,0.482615535716778
2020-04-30,ERC,TIP,0.490201037909562
2020-04-30,ERC,LQD,0.5298720574987151
2020-04-30,ERC,VNQ,0.5314344807263681
2020-04-30,ERC,GLD,0.4818449292709002
2020-04-30,ERC,DBC,0.5112336954326147
2020-04-30,CTB_ONLY,SPY,0.5160219052055959
2020-04-30,CTB_ONLY,VEA,0.5149130460178812
2020-04-30,CTB_ONLY,EEM,0.5180907991954924
2020-04-30,CTB_ONLY,IEF,0.5164093668803006
2020-04-30,CTB_ONLY,TLT,0.5163519293060391
2020-04-30,CTB_ONLY,TIP,0.5159044785004147
2020-04-30,CTB_ONLY,LQD,0.5165228925922779
2020-04-30,CTB_ONLY,VNQ,0.5164617417506975
2020-04-30,CTB_ONLY,GLD,0.5162746190564501
2020-04-30,CTB_ONLY,DBC,0.5161386109699622
2020-04-30,RB_CTB_BAND,SPY,0.5730402126180734
2020-04-30,RB_CTB_BAND,VEA,0.5566078719846671
2020-04-30,RB_CTB_BAND,EEM,0.5526519586419354
2020-04-30,RB_CTB_BAND,IEF,0.4899228499187779
2020-04-30,RB_CTB_BAND,TLT,0.48359363904087505
2020-04-30,RB_CTB_BAND,TIP,0.4915273537847956
2020-04-30,RB_CTB_BAND,LQD,0.5298051836415485
2020-04-30,RB_CTB_BAND,VNQ,0.5316729816992705
2020-04-30,RB_CTB_BAND,GLD,0.4810907614155362
2020-04-30,RB_CTB_BAND,DBC,0.5104803985579215
2020-05-29,ERC,SPY,0.579302314591154
2020-05-29,ERC,VEA,0.5571656081151221
2020-05-29,ERC,EEM,0.5524361682218708
2020-05-29,ERC,IEF,0.4931773787766849
2020-05-29,ERC,TLT,0.48370652926069474
2020-05-29,ERC,TIP,0.49477303746442763
2020-05-29,ERC,LQD,0.5324796621833394
2020-05-29,ERC,VNQ,0.5260044911379002
2020-05-29,ERC,GLD,0.4759439389513547
2020-05-29,ERC,DBC,0.514780299202141
2020-05-29,CTB_ONLY,SPY,0.5186303658163208
2020-05-29,CTB_ONLY,VEA,0.5156052143050527
2020-05-29,CTB_ONLY,EEM,0.5168950339991962
2020-05-29,CTB_ONLY,IEF,0.5180217116442158
2020-05-29,CTB_ONLY,TLT,0.515104285423086
2020-05-29,CTB_ONLY,TIP,0.518413914572218
2020-05-29,CTB_ONLY,LQD,0.5161717963792153
2020-05-29,CTB_ONLY,VNQ,0.5168221127436022
2020-05-29,CTB_ONLY,GLD,0.5167765980605284
2020-05-29,CTB_ONLY,DBC,0.5167964720458864
2020-05-29,RB_CTB_BAND,SPY,0.5795331190415364
2020-05-29,RB_CTB_BAND,VEA,0.5572225780560012
2020-05-29,RB_CTB_BAND,EEM,0.5525419655193523
2020-05-29,RB_CTB_BAND,IEF,0.49270236731661177
2020-05-29,RB_CTB_BAND,TLT,0.4834439018141714
2020-05-29,RB_CTB_BAND,TIP,0.49525210811189346
2020-05-29,RB_CTB_BAND,LQD,0.5330487959988969
2020-05-29,RB_CTB_BAND,VNQ,0.5259609852094865
2020-05-29,RB_CTB_BAND,GLD,0.4750418582023212
2020-05-29,RB_CTB_BAND,DBC,0.5151595088834218
2020-06-30,ERC,SPY,0.5746833965265403
2020-06-30,ERC,VEA,0.5553152968063306
2020-06-30,ERC,EEM,0.5543620684557078
2020-06-30,ERC,IEF,0.4944385339980142
2020-06-30,ERC,TLT,0.4870326539701056
2020-06-30,ERC,TIP,0.49621989942475336
2020-06-30,ERC,LQD,0.5323787723606566
2020-06-30,ERC,VNQ,0.5277900594944175
2020-06-30,ERC,GLD,0.47487721609601463
2020-06-30,ERC,DBC,0.5128876436751887
2020-06-30,CTB_ONLY,SPY,0.5164989579796301
2020-06-30,CTB_ONLY,VEA,0.5163697492008671
2020-06-30,CTB_ONLY,EEM,0.5187500898309305
2020-06-30,CTB_ONLY,IEF,0.5175075752012995
2020-06-30,CTB_ONLY,TLT,0.5164995310402098
2020-06-30,CTB_ONLY,TIP,0.518193784392016
2020-06-30,CTB_ONLY,LQD,0.5165755740181579
2020-06-30,CTB_ONLY,VNQ,0.5169736534251598
2020-06-30,CTB_ONLY,GLD,0.5170158669364565
2020-06-30,CTB_ONLY,DBC,0.5171011800543183
2020-06-30,RB_CTB_BAND,SPY,0.5733033824995639
2020-06-30,RB_CTB_BAND,VEA,0.5539147593339813
2020-06-30,RB_CTB_BAND,EEM,0.5531424043790003
2020-06-30,RB_CTB_BAND,IEF,0.4957964850875643
2020-06-30,RB_CTB_BAND,TLT,0.488588425341046
2020-06-30,RB_CTB_BAND,TIP,0.49829656232557473
2020-06-30,RB_CTB_BAND,LQD,0.5318182925248865
2020-06-30,RB_CTB_BAND,VNQ,0.5279367351753731
2020-06-30,RB_CTB_BAND,GLD,0.4739316096318427
2020-06-30,RB_CTB_BAND,DBC,0.5127493982086314
2020-07-31,ERC,SPY,0.5713915448181093
2020-07-31,ERC,VEA,0.5525108714302632
2020-07-31,ERC,EEM,0.5612583963449844
2020-07-31,ERC,IEF,0.4966207487157535
2020-07-31,ERC,TLT,0.4851653345394448
2020-07-31,ERC,TIP,0.49270000942572284
2020-07-31,ERC,LQD,0.5354695943771743
2020-07-31,ERC,VNQ,0.5246636377183498
2020-07-31,ERC,GLD,0.4707623125209905
2020-07-31,ERC,DBC,0.5033385654152117
2020-07-31,CTB_ONLY,SPY,0.5148943006818458
2020-07-31,CTB_ONLY,VEA,0.51433289507065
2020-07-31,CTB_ONLY,EEM,0.516790647662482
2020-07-31,CTB_ONLY,IEF,0.518234019987355
2020-07-31,CTB_ONLY,TLT,0.5146205887707409
2020-07-31,CTB_ONLY,TIP,0.5127520427671666
2020-07-31,CTB_ONLY,LQD,0.5155350767014392
2020-07-31,CTB_ONLY,VNQ,0.515158414937247
2020-07-31,CTB_ONLY,GLD,0.5153320254089517
2020-07-31,CTB_ONLY,DBC,0.5152700034934525
2020-07-31,RB_CTB_BAND,SPY,0.5706859686831871
2020-07-31,RB_CTB_BAND,VEA,0.5517656651204045
2020-07-31,RB_CTB_BAND,EEM,0.5607823801866869
2020-07-31,RB_CTB_BAND,IEF,0.498199216044044
2020-07-31,RB_CTB_BAND,TLT,0.48634593849366003
2020-07-31,RB_CTB_BAND,TIP,0.494197656513495
2020-07-31,RB_CTB_BAND,LQD,0.5362426584203228
2020-07-31,RB_CTB_BAND,VNQ,0.5244871071699483
2020-07-31,RB_CTB_BAND,GLD,0.46856775391688954
2020-07-31,RB_CTB_BAND,DBC,0.5024752667345352
2020-08-31,ERC,SPY,0.5684583075074368
2020-08-31,ERC,VEA,0.5502506916033287
2020-08-31,ERC,EEM,0.5602281930050967
2020-08-31,ERC,IEF,0.49608151745431134
2020-08-31,ERC,TLT,0.4893651037000075
2020-08-31,ERC,TIP,0.5002298488444449
2020-08-31,ERC,LQD,0.5297733707004199
2020-08-31,ERC,VNQ,0.5157458559728771
2020-08-31,ERC,GLD,0.4672984152397087
2020-08-31,ERC,DBC,0.498994743080363
2020-08-31,CTB_ONLY,SPY,0.5135473645655918
2020-08-31,CTB_ONLY,VEA,0.5135469374351875
2020-08-31,CTB_ONLY,EEM,0.5135442058006496
2020-08-31,CTB_ONLY,IEF,0.5135477458793343
2020-08-31,CTB_ONLY,TLT,0.5135433461506688
2020-08-31,CTB_ONLY,TIP,0.513548668555608
2020-08-31,CTB_ONLY,LQD,0.5135500051338014
2020-08-31,CTB_ONLY,VNQ,0.5135484759790163
2020-08-31,CTB_ONLY,GLD,0.5135485041920029
2020-08-31,CTB_ONLY,DBC,0.5135477346444279
2020-08-31,RB_CTB_BAND,SPY,0.5665271266275644
2020-08-31,RB_CTB_BAND,VEA,0.5483184613851618
2020-08-31,RB_CTB_BAND,EEM,0.5585454268940089
2020-08-31,RB_CTB_BAND,IEF,0.4996145461222419
2020-08-31,RB_CTB_BAND,TLT,0.492669725043398
2020-08-31,RB_CTB_BAND,TIP,0.504360318118275
2020-08-31,RB_CTB_BAND,LQD,0.5284269943037815
2020-08-31,RB_CTB_BAND,VNQ,0.5138404274431478
2020-08-31,RB_CTB_BAND,GLD,0.46578289406839724
2020-08-31,RB_CTB_BAND,DBC,0.4975477442060757
2020-09-30,ERC,SPY,0.5672693231773569
2020-09-30,ERC,VEA,0.547324048074937
2020-09-30,ERC,EEM,0.5509533518149595
2020-09-30,ERC,IEF,0.4908152309188909
2020-09-30,ERC,TLT,0.48535801396337447
2020-09-30,ERC,TIP,0.5002005152073306
2020-09-30,ERC,LQD,0.5286601978825647
2020-09-30,ERC,VNQ,0.5174422469195467
2020-09-30,ERC,GLD,0.46945265644645257
2020-09-30,ERC,DBC,0.4964288470029459
2020-09-30,CTB_ONLY,SPY,0.511578606025862
2020-09-30,CTB_ONLY,VEA,0.5115779582961171
2020-09-30,CTB_ONLY,EEM,0.5115749742950202
2020-09-30,CTB_ONLY,IEF,0.51157844201047
2020-09-30,CTB_ONLY,TLT,0.5115740355192896
2020-09-30,CTB_ONLY,TIP,0.5115804311929021
2020-09-30,CTB_ONLY,LQD,0.5115812248872581
2020-09-30,CTB_ONLY,VNQ,0.5115796499117132
2020-09-30,CTB_ONLY,GLD,0.5115797525815066
2020-09-30,CTB_ONLY,DBC,0.5115788863907256
2020-09-30,RB_CTB_BAND,SPY,0.5661973805670543
2020-09-30,RB_CTB_BAND,VEA,0.5463353364096695
2020-09-30,RB_CTB_BAND,EEM,0.5499168596244346
2020-09-30,RB_CTB_BAND,IEF,0.49257564826720274
2020-09-30,RB_CTB_BAND,TLT,0.4871604339045536
2020-09-30,RB_CTB_BAND,TIP,0.5029178504465156
2020-09-30,RB_CTB_BAND,LQD,0.5273314939346092
2020-09-30,RB_CTB_BAND,VNQ,0.5169365110908489
2020-09-30,RB_CTB_BAND,GLD,0.4686385972576375
2020-09-30,RB_CTB_BAND,DBC,0.49543742027955656
2020-10-30,ERC,SPY,0.5687859187550904
2020-10-30,ERC,VEA,0.5556333225943546
2020-10-30,ERC,EEM,0.5606800261746412
2020-10-30,ERC,IEF,0.49369755938290955
2020-10-30,ERC,TLT,0.4945512362856482
2020-10-30,ERC,TIP,0.49898258615383606
2020-10-30,ERC,LQD,0.5262543950181401
2020-10-30,ERC,VNQ,0.514083579627497
2020-10-30,ERC,GLD,0.4720782950282384
2020-10-30,ERC,DBC,0.500912998285014
2020-10-30,CTB_ONLY,SPY,0.5146556387842143
2020-10-30,CTB_ONLY,VEA,0.5146554022507105
2020-10-30,CTB_ONLY,EEM,0.5146522331323253
2020-10-30,CTB_ONLY,IEF,0.5146557286990483
2020-10-30,CTB_ONLY,TLT,0.5146519370974906
2020-10-30,CTB_ONLY,TIP,0.514656857296216
2020-10-30,CTB_ONLY,LQD,0.5146582615321736
2020-10-30,CTB_ONLY,VNQ,0.5146567602310026
2020-10-30,CTB_ONLY,GLD,0.5146568912002537
2020-10-30,CTB_ONLY,DBC,0.5146560680849505
2020-10-30,RB_CTB_BAND,SPY,0.5689133159825556
2020-10-30,RB_CTB_BAND,VEA,0.5559699960654856
2020-10-30,RB_CTB_BAND,EEM,0.5610353831741854
2020-10-30,RB_CTB_BAND,IEF,0.49347650731224807
2020-10-30,RB_CTB_BAND,TLT,0.4949556657901759
2020-10-30,RB_CTB_BAND,TIP,0.4995339034918849
2020-10-30,RB_CTB_BAND,LQD,0.5254289756875301
2020-10-30,RB_CTB_BAND,VNQ,0.5135502180893801
2020-10-30,RB_CTB_BAND,GLD,0.4721610192939284
2020-10-30,RB_CTB_BAND,DBC,0.5006486285055621
2020-11-30,ERC,SPY,0.5687804963896844
2020-11-30,ERC,VEA,0.5548370015184347
2020-11-30,ERC,EEM,0.565140154495558
2020-11-30,ERC,IEF,0.4895273570815173
2020-11-30,ERC,TLT,0.4979774509718971
2020-11-30,ERC,TIP,0.4956543948736125
2020-11-30,ERC,LQD,0.5311708588667543
2020-11-30,ERC,VNQ,0.5170487792770825
2020-11-30,ERC,GLD,0.47585389108269227
2020-11-30,ERC,DBC,0.5007969041570856
2020-11-30,CTB_ONLY,SPY,0.5157439847936239
2020-11-30,CTB_ONLY,VEA,0.5157436945282422
2020-11-30,CTB_ONLY,EEM,0.5157407608548312
2020-11-30,CTB_ONLY,IEF,0.5157438199954109
2020-11-30,CTB_ONLY,TLT,0.5157408307398681
2020-11-30,CTB_ONLY,TIP,0.5157451788935611
2020-11-30,CTB_ONLY,LQD,0.5157469844999757
2020-11-30,CTB_ONLY,VNQ,0.5157452633108455
2020-11-30,CTB_ONLY,GLD,0.5157454793850755
2020-11-30,CTB_ONLY,DBC,0.5157445383799076
2020-11-30,RB_CTB_BAND,SPY,0.5690421654665078
2020-11-30,RB_CTB_BAND,VEA,0.5551797491873527
2020-11-30,RB_CTB_BAND,EEM,0.5655281896629336
2020-11-30,RB_CTB_BAND,IEF,0.48838649493497305
2020-11-30,RB_CTB_BAND,TLT,0.49813109424121577
2020-11-30,RB_CTB_BAND,TIP,0.4953214690811494
2020-11-30,RB_CTB_BAND,LQD,0.5312056309619563
2020-11-30,RB_CTB_BAND,VNQ,0.5171342749889226
2020-11-30,RB_CTB_BAND,GLD,0.4761606920688328
2020-11-30,RB_CTB_BAND,DBC,0.5008133075346063
2020-12-31,ERC,SPY,0.5644215937776884
2020-12-31,ERC,VEA,0.549077455491303
2020-12-31,ERC,EEM,0.568174285317174
2020-12-31,ERC,IEF,0.4844513856117754
2020-12-31,ERC,TLT,0.4918767954315213
2020-12-31,ERC,TIP,0.49404575274604173
2020-12-31,ERC,LQD,0.5306575756240209
2020-12-31,ERC,VNQ,0.5139572737656539
2020-12-31,ERC,GLD,0.4739584294338298
2020-12-31,ERC,DBC,0.49599843444387337
2020-12-31,CTB_ONLY,SPY,0.5118408536996946
2020-12-31,CTB_ONLY,VEA,0.5112900006117356
2020-12-31,CTB_ONLY,EEM,0.5134874124640093
2020-12-31,CTB_ONLY,IEF,0.5116258644158003
2020-12-31,CTB_ONLY,TLT,0.5113706714415369
2020-12-31,CTB_ONLY,TIP,0.514582958151185
2020-12-31,CTB_ONLY,LQD,0.5132088913173181
2020-12-31,CTB_ONLY,VNQ,0.5125812557547005
2020-12-31,CTB_ONLY,GLD,0.5126773692154791
2020-12-31,CTB_ONLY,DBC,0.5126587846118315
2020-12-31,RB_CTB_BAND,SPY,0.5645599732769865
2020-12-31,RB_CTB_BAND,VEA,0.5493884234910482
2020-12-31,RB_CTB_BAND,EEM,0.5687655394982448
2020-12-31,RB_CTB_BAND,IEF,0.48292508125458444
2020-12-31,RB_CTB_BAND,TLT,0.49152549478888613
2020-12-31,RB_CTB_BAND,TIP,0.493571330301814
2020-12-31,RB_CTB_BAND,LQD,0.5298934865261494
2020-12-31,RB_CTB_BAND,VNQ,0.5143016725744339
2020-12-31,RB_CTB_BAND,GLD,0.4756135058795095
2020-12-31,RB_CTB_BAND,DBC,0.49610262364779234
2021-01-29,ERC,SPY,0.5637247479542118
2021-01-29,ERC,VEA,0.5502648674595125
2021-01-29,ERC,EEM,0.5655082542234752
2021-01-29,ERC,IEF,0.48614039747329624
2021-01-29,ERC,TLT,0.4895451904426637
2021-01-29,ERC,TIP,0.49437426850588867
2021-01-29,ERC,LQD,0.5349763002299167
2021-01-29,ERC,VNQ,0.5106737328723613
2021-01-29,ERC,GLD,0.4682843093520621
2021-01-29,ERC,DBC,0.5023686775515603
2021-01-29,CTB_ONLY,SPY,0.5114399842985501
2021-01-29,CTB_ONLY,VEA,0.5121852499814964
2021-01-29,CTB_ONLY,EEM,0.5121339516894999
2021-01-29,CTB_ONLY,IEF,0.5128122806363677
2021-01-29,CTB_ONLY,TLT,0.5098598790563177
2021-01-29,CTB_ONLY,TIP,0.5141864176532777
2021-01-29,CTB_ONLY,LQD,0.5134260906341298
2021-01-29,CTB_ONLY,VNQ,0.5125487868590364
2021-01-29,CTB_ONLY,GLD,0.512702587000671
2021-01-29,CTB_ONLY,DBC,0.5125936825547839
2021-01-29,RB_CTB_BAND,SPY,0.5637547734894691
2021-01-29,RB_CTB_BAND,VEA,0.5504456555217921
2021-01-29,RB_CTB_BAND,EEM,0.5656712316744398
2021-01-29,RB_CTB_BAND,IEF,0.4857604440688056
2021-01-29,RB_CTB_BAND,TLT,0.48959135903759493
2021-01-29,RB_CTB_BAND,TIP,0.4947168432517673
2021-01-29,RB_CTB_BAND,LQD,0.5352734238589892
2021-01-29,RB_CTB_BAND,VNQ,0.5106102854353516
2021-01-29,RB_CTB_BAND,GLD,0.46699595002226885
2021-01-29,RB_CTB_BAND,DBC,0.5031844234992169
2021-02-26,ERC,SPY,0.5612201137240195
2021-02-26,ERC,VEA,0.554969552067576
2021-02-26,ERC,EEM,0.5668927090141882
2021-02-26,ERC,IEF,0.4887829402517241
2021-02-26,ERC,TLT,0.4934438890361145
2021-02-26,ERC,TIP,0.4956222426049404
2021-02-26,ERC,LQD,0.5370524744323808
2021-02-26,ERC,VNQ,0.5137281319994761
2021-02-26,ERC,GLD,0.46792801450245647
2021-02-26,ERC,DBC,0.4986764609334939
2021-02-26,CTB_ONLY,SPY,0.5120565427070027
2021-02-26,CTB_ONLY,VEA,0.5154035972345458
2021-02-26,CTB_ONLY,EEM,0.5136831526138591
2021-02-26,CTB_ONLY,IEF,0.5140595359012247
2021-02-26,CTB_ONLY,TLT,0.5128859533032706
2021-02-26,CTB_ONLY,TIP,0.513738353653549
2021-02-26,CTB_ONLY,LQD,0.5135898053888278
2021-02-26,CTB_ONLY,VNQ,0.5135744035957392
2021-02-26,CTB_ONLY,GLD,0.5136303621224005
2021-02-26,CTB_ONLY,DBC,0.5137256370278969
2021-02-26,RB_CTB_BAND,SPY,0.5605483795918786
2021-02-26,RB_CTB_BAND,VEA,0.5545053655207337
2021-02-26,RB_CTB_BAND,EEM,0.5663047494929344
2021-02-26,RB_CTB_BAND,IEF,0.48956299651132423
2021-02-26,RB_CTB_BAND,TLT,0.4945754295912625
2021-02-26,RB_CTB_BAND,TIP,0.4968554568855486
2021-02-26,RB_CTB_BAND,LQD,0.5369694124829913
2021-02-26,RB_CTB_BAND,VNQ,0.5136444750582746
2021-02-26,RB_CTB_BAND,GLD,0.4665983333214861
2021-02-26,RB_CTB_BAND,DBC,0.49859259070981854
2021-03-31,ERC,SPY,0.5596907770725994
2021-03-31,ERC,VEA,0.5550756565325877
2021-03-31,ERC,EEM,0.5621405846162377
2021-03-31,ERC,IEF,0.4901887533617003
2021-03-31,ERC,TLT,0.4897629158209136
2021-03-31,ERC,TIP,0.49546993483356566
2021-03-31,ERC,LQD,0.5313251393105425
2021-03-31,ERC,VNQ,0.5136842142204007
2021-03-31,ERC,GLD,0.4694148146380545
2021-03-31,ERC,DBC,0.49820798212697087
2021-03-31,CTB_ONLY,SPY,0.5127071031937785
2021-03-31,CTB_ONLY,VEA,0.5127068796692935
2021-03-31,CTB_ONLY,EEM,0.5127043036739617
2021-03-31,CTB_ONLY,IEF,0.5127076317154774
2021-03-31,CTB_ONLY,TLT,0.512703450144971
2021-03-31,CTB_ONLY,TIP,0.5127087412525575
2021-03-31,CTB_ONLY,LQD,0.5127103273754136
2021-03-31,CTB_ONLY,VNQ,0.5127085961825525
2021-03-31,CTB_ONLY,GLD,0.5127088279003188
2021-03-31,CTB_ONLY,DBC,0.512707831725127
2021-03-31,RB_CTB_BAND,SPY,0.5589587691694424
2021-03-31,RB_CTB_BAND,VEA,0.5542790532824857
2021-03-31,RB_CTB_BAND,EEM,0.5612876107594924
2021-03-31,RB_CTB_BAND,IEF,0.49120667748505187
2021-03-31,RB_CTB_BAND,TLT,0.49092099467268224
2021-03-31,RB_CTB_BAND,TIP,0.4969346180852017
2021-03-31,RB_CTB_BAND,LQD,0.5296925470434946
2021-03-31,RB_CTB_BAND,VNQ,0.5129444306756907
2021-03-31,RB_CTB_BAND,GLD,0.4698065813910233
2021-03-31,RB_CTB_BAND,DBC,0.4984613975390171
2021-04-30,ERC,SPY,0.5609517980147716
2021-04-30,ERC,VEA,0.5534555148010702
2021-04-30,ERC,EEM,0.5624755432135499
2021-04-30,ERC,IEF,0.49228899807237625
2021-04-30,ERC,TLT,0.49057614472575517
2021-04-30,ERC,TIP,0.49603237700814284
2021-04-30,ERC,LQD,0.5326320881168132
2021-04-30,ERC,VNQ,0.5185027778578079
2021-04-30,ERC,GLD,0.4733930460201098
2021-04-30,ERC,DBC,0.49288911325064844
2021-04-30,CTB_ONLY,SPY,0.5142810908840644
2021-04-30,CTB_ONLY,VEA,0.5121639952488835
2021-04-30,CTB_ONLY,EEM,0.5136774443931545
2021-04-30,CTB_ONLY,IEF,0.5141413705065099
2021-04-30,CTB_ONLY,TLT,0.5129293754027556
2021-04-30,CTB_ONLY,TIP,0.5127976159459515
2021-04-30,CTB_ONLY,LQD,0.51442302267489
2021-04-30,CTB_ONLY,VNQ,0.5139673018620526
2021-04-30,CTB_ONLY,GLD,0.5139650959946375
2021-04-30,CTB_ONLY,DBC,0.5135011173034985
2021-04-30,RB_CTB_BAND,SPY,0.5608003342117285
2021-04-30,RB_CTB_BAND,VEA,0.5532589703776989
2021-04-30,RB_CTB_BAND,EEM,0.5624458880770197
2021-04-30,RB_CTB_BAND,IEF,0.49234173336802156
2021-04-30,RB_CTB_BAND,TLT,0.49052071785570034
2021-04-30,RB_CTB_BAND,TIP,0.496173138348035
2021-04-30,RB_CTB_BAND,LQD,0.5317392391498108
2021-04-30,RB_CTB_BAND,VNQ,0.5187593582597215
2021-04-30,RB_CTB_BAND,GLD,0.474717962299787
2021-04-30,RB_CTB_BAND,DBC,0.4922799403818388
2021-05-31,ERC,SPY,0.5635562173932469
2021-05-31,ERC,VEA,0.5528568185636212
2021-05-31,ERC,EEM,0.566205543649662
2021-05-31,ERC,IEF,0.49253501353646434
2021-05-31,ERC,TLT,0.4918077573128151
2021-05-31,ERC,TIP,0.49496838329440324
2021-05-31,ERC,LQD,0.5366024300503675
2021-05-31,ERC,VNQ,0.5211969842000428
2021-05-31,ERC,GLD,0.46858454815534983
2021-05-31,ERC,DBC,0.4989541660846451
2021-05-31,CTB_ONLY,SPY,0.5146196841630436
2021-05-31,CTB_ONLY,VEA,0.5146192059545971
2021-05-31,CTB_ONLY,EEM,0.5146168019094267
2021-05-31,CTB_ONLY,IEF,0.5146201840957748
2021-05-31,CTB_ONLY,TLT,0.514616070217275
2021-05-31,CTB_ONLY,TIP,0.5146209655736366
2021-05-31,CTB_ONLY,LQD,0.5146228778666492
2021-05-31,CTB_ONLY,VNQ,0.5146211106040319
2021-05-31,CTB_ONLY,GLD,0.5146212812078825
2021-05-31,CTB_ONLY,DBC,0.5146202746656094
2021-05-31,RB_CTB_BAND,SPY,0.5633651026309147
2021-05-31,RB_CTB_BAND,VEA,0.5523930868634412
2021-05-31,RB_CTB_BAND,EEM,0.5659980132479134
2021-05-31,RB_CTB_BAND,IEF,0.49294808988048816
2021-05-31,RB_CTB_BAND,TLT,0.49223039222285303
2021-05-31,RB_CTB_BAND,TIP,0.4953016861874851
2021-05-31,RB_CTB_BAND,LQD,0.5357446385469438
2021-05-31,RB_CTB_BAND,VNQ,0.521627480826287
2021-05-31,RB_CTB_BAND,GLD,0.46791390800889
2021-05-31,RB_CTB_BAND,DBC,0.499635438326931
2021-06-30,ERC,SPY,0.562313760402266
2021-06-30,ERC,VEA,0.5449417319537518
2021-06-30,ERC,EEM,0.5585335353922245
2021-06-30,ERC,IEF,0.4911481055315649
2021-06-30,ERC,TLT,0.4910826897392764
2021-06-30,ERC,TIP,0.5020078168182907
2021-06-30,ERC,LQD,0.5364890223442366
2021-06-30,ERC,VNQ,0.5136934863633068
2021-06-30,ERC,GLD,0.4576426984231033
2021-06-30,ERC,DBC,0.49396147888772296
2021-06-30,CTB_ONLY,SPY,0.5108103659456936
2021-06-30,CTB_ONLY,VEA,0.5108096377493467
2021-06-30,CTB_ONLY,EEM,0.5108074589842415
2021-06-30,CTB_ONLY,IEF,0.5108102068340025
2021-06-30,CTB_ONLY,TLT,0.5108064893177504
2021-06-30,CTB_ONLY,TIP,0.5108122090631005
2021-06-30,CTB_ONLY,LQD,0.5108132634836964
2021-06-30,CTB_ONLY,VNQ,0.5108115488758539
2021-06-30,CTB_ONLY,GLD,0.510811680808736
2021-06-30,CTB_ONLY,DBC,0.5108107585607847
2021-06-30,RB_CTB_BAND,SPY,0.5608114900963795
2021-06-30,RB_CTB_BAND,VEA,0.5431878436133625
2021-06-30,RB_CTB_BAND,EEM,0.5568614362830725
2021-06-30,RB_CTB_BAND,IEF,0.4936498138084401
2021-06-30,RB_CTB_BAND,TLT,0.4934514774047624
2021-06-30,RB_CTB_BAND,TIP,0.505333029182148
2021-06-30,RB_CTB_BAND,LQD,0.5371775476040156
2021-06-30,RB_CTB_BAND,VNQ,0.5124508560691269
2021-06-30,RB_CTB_BAND,GLD,0.45538999911161304
2021-06-30,RB_CTB_BAND,DBC,0.49312100160287176
2021-07-30,ERC,SPY,0.5597607515357317
2021-07-30,ERC,VEA,0.5462493604347475
2021-07-30,ERC,EEM,0.559148224771114
2021-07-30,ERC,IEF,0.4926133536424984
2021-07-30,ERC,TLT,0.4936535531071164
2021-07-30,ERC,TIP,0.5034255809745973
2021-07-30,ERC,LQD,0.5422185837274633
2021-07-30,ERC,VNQ,0.5288657868563669
2021-07-30,ERC,GLD,0.4546652872404233
2021-07-30,ERC,DBC,0.4917196859146238
2021-07-30,CTB_ONLY,SPY,0.5125880259334628
2021-07-30,CTB_ONLY,VEA,0.5125873043947942
2021-07-30,CTB_ONLY,EEM,0.5125851336542243
2021-07-30,CTB_ONLY,IEF,0.5125878253778865
2021-07-30,CTB_ONLY,TLT,0.5125842586880495
2021-07-30,CTB_ONLY,TIP,0.5125898702177627
2021-07-30,CTB_ONLY,LQD,0.5125911147097806
2021-07-30,CTB_ONLY,VNQ,0.5125893508277026
2021-07-30,CTB_ONLY,GLD,0.512589323219155
2021-07-30,CTB_ONLY,DBC,0.512588466920253
2021-07-30,RB_CTB_BAND,SPY,0.5591227782245899
2021-07-30,RB_CTB_BAND,VEA,0.5458053504301259
2021-07-30,RB_CTB_BAND,EEM,0.5586062311777548
2021-07-30,RB_CTB_BAND,IEF,0.4934377233235741
2021-07-30,RB_CTB_BAND,TLT,0.4944834762504219
2021-07-30,RB_CTB_BAND,TIP,0.5050723948933049
2021-07-30,RB_CTB_BAND,LQD,0.5439424194442064
2021-07-30,RB_CTB_BAND,VNQ,0.5294418337114681
2021-07-30,RB_CTB_BAND,GLD,0.4516638096784095
2021-07-30,RB_CTB_BAND,DBC,0.4910014996382621
2021-08-31,ERC,SPY,0.5571397076875173
2021-08-31,ERC,VEA,0.5473794699479577
2021-08-31,ERC,EEM,0.5516366098827933
2021-08-31,ERC,IEF,0.49095877057822257
2021-08-31,ERC,TLT,0.4896341699855088
2021-08-31,ERC,TIP,0.5002346969255828
2021-08-31,ERC,LQD,0.5498559446722447
2021-08-31,ERC,VNQ,0.5237258715188237
2021-08-31,ERC,GLD,0.4614841718965797
2021-08-31,ERC,DBC,0.48871298487304593
2021-08-31,CTB_ONLY,SPY,0.5120321085791142
2021-08-31,CTB_ONLY,VEA,0.5120315165605172
2021-08-31,CTB_ONLY,EEM,0.5120292412397947
2021-08-31,CTB_ONLY,IEF,0.5120322095514473
2021-08-31,CTB_ONLY,TLT,0.5120281796166204
2021-08-31,CTB_ONLY,TIP,0.5120340518592872
2021-08-31,CTB_ONLY,LQD,0.5120355275276504
2021-08-31,CTB_ONLY,VNQ,0.5120335502118476
2021-08-31,CTB_ONLY,GLD,0.512033598589621
2021-08-31,CTB_ONLY,DBC,0.5120327037528619
2021-08-31,RB_CTB_BAND,SPY,0.556937280309939
2021-08-31,RB_CTB_BAND,VEA,0.5475269496974383
2021-08-31,RB_CTB_BAND,EEM,0.5513649753319301
2021-08-31,RB_CTB_BAND,IEF,0.49074205091613415
2021-08-31,RB_CTB_BAND,TLT,0.48926503282478184
2021-08-31,RB_CTB_BAND,TIP,0.5006272795145054
2021-08-31,RB_CTB_BAND,LQD,0.5522274046689835
2021-08-31,RB_CTB_BAND,VNQ,0.5231928318943067
2021-08-31,RB_CTB_BAND,GLD,0.4612480985445632
2021-08-31,RB_CTB_BAND,DBC,0.48781347073331516
2021-09-30,ERC,SPY,0.5566263177701114
2021-09-30,ERC,VEA,0.5437019116488648
2021-09-30,ERC,EEM,0.5559845891335632
2021-09-30,ERC,IEF,0.4854948026117708
2021-09-30,ERC,TLT,0.4828628645233636
2021-09-30,ERC,TIP,0.4964526140252585
2021-09-30,ERC,LQD,0.5452931581979195
2021-09-30,ERC,VNQ,0.5240065038244109
2021-09-30,ERC,GLD,0.4604051329338795
2021-09-30,ERC,DBC,0.48199414465887386
2021-09-30,CTB_ONLY,SPY,0.5092062321940847
2021-09-30,CTB_ONLY,VEA,0.5072117078784416
2021-09-30,CTB_ONLY,EEM,0.5102193811898439
2021-09-30,CTB_ONLY,IEF,0.5090465996216978
2021-09-30,CTB_ONLY,TLT,0.5074191076656037
2021-09-30,CTB_ONLY,TIP,0.5107326870316783
2021-09-30,CTB_ONLY,LQD,0.5083157431011192
2021-09-30,CTB_ONLY,VNQ,0.5087884190202339
2021-09-30,CTB_ONLY,GLD,0.5087978255872576
2021-09-30,CTB_ONLY,DBC,0.5088118816568681
2021-09-30,RB_CTB_BAND,SPY,0.5581793637776559
2021-09-30,RB_CTB_BAND,VEA,0.5450978626767895
2021-09-30,RB_CTB_BAND,EEM,0.5576074530008519
2021-09-30,RB_CTB_BAND,IEF,0.48363580073845414
2021-09-30,RB_CTB_BAND,TLT,0.48071324636715984
2021-09-30,RB_CTB_BAND,TIP,0.49500442954262325
2021-09-30,RB_CTB_BAND,LQD,0.5471976902518494
2021-09-30,RB_CTB_BAND,VNQ,0.5242090397939708
2021-09-30,RB_CTB_BAND,GLD,0.4605338554106662
2021-09-30,RB_CTB_BAND,DBC,0.48137433127257934
2021-10-29,ERC,SPY,0.5532379706742102
2021-10-29,ERC,VEA,0.5448987274040942
2021-10-29,ERC,EEM,0.553166896152018
2021-10-29,ERC,IEF,0.4842316432516961
2021-10-29,ERC,TLT,0.48955342990737594
2021-10-29,ERC,TIP,0.4955340955915543
2021-10-29,ERC,LQD,0.5474293400938761
2021-10-29,ERC,VNQ,0.514447326566816
2021-10-29,ERC,GLD,0.4579982824658054
2021-10-29,ERC,DBC,0.479150166127969
2021-10-29,CTB_ONLY,SPY,0.5075591839342108
2021-10-29,CTB_ONLY,VEA,0.5075589735576469
2021-10-29,CTB_ONLY,EEM,0.5075560677966426
2021-10-29,CTB_ONLY,IEF,0.5075589666990865
2021-10-29,CTB_ONLY,TLT,0.5075557390121799
2021-10-29,CTB_ONLY,TIP,0.507561084499083
2021-10-29,CTB_ONLY,LQD,0.5075627441115415
2021-10-29,CTB_ONLY,VNQ,0.507560728769945
2021-10-29,CTB_ONLY,GLD,0.5075607452078273
2021-10-29,CTB_ONLY,DBC,0.507559844813549
2021-10-29,RB_CTB_BAND,SPY,0.5530130529211753
2021-10-29,RB_CTB_BAND,VEA,0.5445472548508968
2021-10-29,RB_CTB_BAND,EEM,0.5528594425541427
2021-10-29,RB_CTB_BAND,IEF,0.48478632772306185
2021-10-29,RB_CTB_BAND,TLT,0.4902035398273101
2021-10-29,RB_CTB_BAND,TIP,0.49635306345366326
2021-10-29,RB_CTB_BAND,LQD,0.5490621104350205
2021-10-29,RB_CTB_BAND,VNQ,0.5131188579280825
2021-10-29,RB_CTB_BAND,GLD,0.45739692765576134
2021-10-29,RB_CTB_BAND,DBC,0.478364069318914
2021-11-30,ERC,SPY,0.5571997131775174
2021-11-30,ERC,VEA,0.5496721614324984
2021-11-30,ERC,EEM,0.5482041212782772
2021-11-30,ERC,IEF,0.4877026433157659
2021-11-30,ERC,TLT,0.4918690224100059
2021-11-30,ERC,TIP,0.5008922974516973
2021-11-30,ERC,LQD,0.5430123914697631
2021-11-30,ERC,VNQ,0.5129521217939789
2021-11-30,ERC,GLD,0.46111066169539566
2021-11-30,ERC,DBC,0.48735668993773756
2021-11-30,CTB_ONLY,SPY,0.5109637779061366
2021-11-30,CTB_ONLY,VEA,0.511594364426594
2021-11-30,CTB_ONLY,EEM,0.5090853188433248
2021-11-30,CTB_ONLY,IEF,0.5099890075756008
2021-11-30,CTB_ONLY,TLT,0.5087947913653892
2021-11-30,CTB_ONLY,TIP,0.5119531200438692
2021-11-30,CTB_ONLY,LQD,0.5088033164501846
2021-11-30,CTB_ONLY,VNQ,0.5100409984002562
2021-11-30,CTB_ONLY,GLD,0.5099296999144018
2021-11-30,CTB_ONLY,DBC,0.5098871019443367
2021-11-30,RB_CTB_BAND,SPY,0.5566631152791808
2021-11-30,RB_CTB_BAND,VEA,0.5492408668253091
2021-11-30,RB_CTB_BAND,EEM,0.5474454216430767
2021-11-30,RB_CTB_BAND,IEF,0.4883814404225658
2021-11-30,RB_CTB_BAND,TLT,0.49264900845951914
2021-11-30,RB_CTB_BAND,TIP,0.5016877326642949
2021-11-30,RB_CTB_BAND,LQD,0.5428557382192232
2021-11-30,RB_CTB_BAND,VNQ,0.5114045281586957
2021-11-30,RB_CTB_BAND,GLD,0.46193227865115305
2021-11-30,RB_CTB_BAND,DBC,0.4873888515889314
2021-12-31,ERC,SPY,0.5537521432021932
2021-12-31,ERC,VEA,0.5502163440403051
2021-12-31,ERC,EEM,0.5470748217936051
2021-12-31,ERC,IEF,0.4868474280386485
2021-12-31,ERC,TLT,0.4901789081826899
2021-12-31,ERC,TIP,0.49889879078791416
2021-12-31,ERC,LQD,0.5426978161355439
2021-12-31,ERC,VNQ,0.5062225495357665
2021-12-31,ERC,GLD,0.46405045294031844
2021-12-31,ERC,DBC,0.4826244315328902
2021-12-31,CTB_ONLY,SPY,0.5072586234468233
2021-12-31,CTB_ONLY,VEA,0.5105633732424928
2021-12-31,CTB_ONLY,EEM,0.5080384618702739
2021-12-31,CTB_ONLY,IEF,0.508870524710792
2021-12-31,CTB_ONLY,TLT,0.5068364003551982
2021-12-31,CTB_ONLY,TIP,0.5095793730948125
2021-12-31,CTB_ONLY,LQD,0.5081645251945448
2021-12-31,CTB_ONLY,VNQ,0.508396221630828
2021-12-31,CTB_ONLY,GLD,0.5084283720184076
2021-12-31,CTB_ONLY,DBC,0.5084580174510676
2021-12-31,RB_CTB_BAND,SPY,0.5532892244491754
2021-12-31,RB_CTB_BAND,VEA,0.5500228898238423
2021-12-31,RB_CTB_BAND,EEM,0.5467387516971985
2021-12-31,RB_CTB_BAND,IEF,0.4871894921574609
2021-12-31,RB_CTB_BAND,TLT,0.4906254349122657
2021-12-31,RB_CTB_BAND,TIP,0.4992964747205943
2021-12-31,RB_CTB_BAND,LQD,0.542510454728081
2021-12-31,RB_CTB_BAND,VNQ,0.5044742843151899
2021-12-31,RB_CTB_BAND,GLD,0.4662198576605904
2021-12-31,RB_CTB_BAND,DBC,0.48188517569108114
2022-01-31,ERC,SPY,0.5531504257747778
2022-01-31,ERC,VEA,0.5551054811542665
2022-01-31,ERC,EEM,0.546441971255114
2022-01-31,ERC,IEF,0.4828358596718008
2022-01-31,ERC,TLT,0.48763014305658076
2022-01-31,ERC,TIP,0.49476927585758823
2022-01-31,ERC,LQD,0.5444548870276195
2022-01-31,ERC,VNQ,0.5132136536098617
2022-01-31,ERC,GLD,0.46012160676243435
2022-01-31,ERC,DBC,0.4815531605920408
2022-01-31,CTB_ONLY,SPY,0.506542655133634
2022-01-31,CTB_ONLY,VEA,0.5095216704238954
2022-01-31,CTB_ONLY,EEM,0.5070046216729679
2022-01-31,CTB_ONLY,IEF,0.507382867713638
2022-01-31,CTB_ONLY,TLT,0.5074893577383901
2022-01-31,CTB_ONLY,TIP,0.5076963642502101
2022-01-31,CTB_ONLY,LQD,0.5079459850966195
2022-01-31,CTB_ONLY,VNQ,0.5076769019956389
2022-01-31,CTB_ONLY,GLD,0.5076386208086462
2022-01-31,CTB_ONLY,DBC,0.5076489655072631
2022-01-31,RB_CTB_BAND,SPY,0.5542524205031782
2022-01-31,RB_CTB_BAND,VEA,0.5565781671755264
2022-01-31,RB_CTB_BAND,EEM,0.5476274831844807
2022-01-31,RB_CTB_BAND,IEF,0.4807697643645121
2022-01-31,RB_CTB_BAND,TLT,0.4857581382211494
2022-01-31,RB_CTB_BAND,TIP,0.49268780439750604
2022-01-31,RB_CTB_BAND,LQD,0.5450411528427416
2022-01-31,RB_CTB_BAND,VNQ,0.5140582842530884
2022-01-31,RB_CTB_BAND,GLD,0.4613804631502744
2022-01-31,RB_CTB_BAND,DBC,0.48155715145616734
2022-02-28,ERC,SPY,0.5474274553300715
2022-02-28,ERC,VEA,0.5470298253275542
2022-02-28,ERC,EEM,0.547770187570169
2022-02-28,ERC,IEF,0.4800963813441636
2022-02-28,ERC,TLT,0.48350282200311734
2022-02-28,ERC,TIP,0.4901724515590225
2022-02-28,ERC,LQD,0.5412119171201345
2022-02-28,ERC,VNQ,0.510425450222309
2022-02-28,ERC,GLD,0.46069536169214514
2022-02-28,ERC,DBC,0.4751438308230707
2022-02-28,CTB_ONLY,SPY,0.5033409399389892
2022-02-28,CTB_ONLY,VEA,0.5029563529737617
2022-02-28,CTB_ONLY,EEM,0.5054621208115089
2022-02-28,CTB_ONLY,IEF,0.5051120780174526
2022-02-28,CTB_ONLY,TLT,0.5038708070136619
2022-02-28,CTB_ONLY,TIP,0.5037090265298281
2022-02-28,CTB_ONLY,LQD,0.5049480995499043
2022-02-28,CTB_ONLY,VNQ,0.5042470937274508
2022-02-28,CTB_ONLY,GLD,0.5043655822750573
2022-02-28,CTB_ONLY,DBC,0.5044113492449814
2022-02-28,RB_CTB_BAND,SPY,0.5469678998968703
2022-02-28,RB_CTB_BAND,VEA,0.5467525415387758
2022-02-28,RB_CTB_BAND,EEM,0.5476931903210445
2022-02-28,RB_CTB_BAND,IEF,0.4796065000954479
2022-02-28,RB_CTB_BAND,TLT,0.483271525312686
2022-02-28,RB_CTB_BAND,TIP,0.4897748584458338
2022-02-28,RB_CTB_BAND,LQD,0.5410196485777221
2022-02-28,RB_CTB_BAND,VNQ,0.5103071349503323
2022-02-28,RB_CTB_BAND,GLD,0.4632095492772076
2022-02-28,RB_CTB_BAND,DBC,0.47461271234959584
2022-03-31,ERC,SPY,0.5468274023106949
2022-03-31,ERC,VEA,0.5477848162496293
2022-03-31,ERC,EEM,0.5471790212195039
2022-03-31,ERC,IEF,0.4778330262963019
2022-03-31,ERC,TLT,0.4793961599035493
2022-03-31,ERC,TIP,0.48966002018295823
2022-03-31,ERC,LQD,0.548594859794088
2022-03-31,ERC,VNQ,0.5092956313276152
2022-03-31,ERC,GLD,0.46004966307353173
2022-03-31,ERC,DBC,0.47203282513602973
2022-03-31,CTB_ONLY,SPY,0.5024413910116754
2022-03-31,CTB_ONLY,VEA,0.5024515294886921
2022-03-31,CTB_ONLY,EEM,0.5035365947065829
2022-03-31,CTB_ONLY,IEF,0.5033131785907586
2022-03-31,CTB_ONLY,TLT,0.5022370769182782
2022-03-31,CTB_ONLY,TIP,0.5040775351058221
2022-03-31,CTB_ONLY,LQD,0.5050428603539147
2022-03-31,CTB_ONLY,VNQ,0.5035552352360261
2022-03-31,CTB_ONLY,GLD,0.5037012840503833
2022-03-31,CTB_ONLY,DBC,0.503677360279854
2022-03-31,RB_CTB_BAND,SPY,0.5479696520849553
2022-03-31,RB_CTB_BAND,VEA,0.5487903120212997
2022-03-31,RB_CTB_BAND,EEM,0.5481007222695944
2022-03-31,RB_CTB_BAND,IEF,0.476189600092515
2022-03-31,RB_CTB_BAND,TLT,0.4777575017375112
2022-03-31,RB_CTB_BAND,TIP,0.4882434788573541
2022-03-31,RB_CTB_BAND,LQD,0.5505608822058646
2022-03-31,RB_CTB_BAND,VNQ,0.5090515304031822
2022-03-31,RB_CTB_BAND,GLD,0.4609258978234122
2022-03-31,RB_CTB_BAND,DBC,0.47160199678783504
2022-04-29,ERC,SPY,0.5417005562713947
2022-04-29,ERC,VEA,0.5450229177152929
2022-04-29,ERC,EEM,0.5454264047162285
2022-04-29,ERC,IEF,0.4754063446135254
2022-04-29,ERC,TLT,0.47574088881328447
2022-04-29,ERC,TIP,0.4881483026078876
2022-04-29,ERC,LQD,0.5505503505760385
2022-04-29,ERC,VNQ,0.5147600349154711
2022-04-29,ERC,GLD,0.4567028505619056
2022-04-29,ERC,DBC,0.4728717354323696
2022-04-29,CTB_ONLY,SPY,0.5008580272930808
2022-04-29,CTB_ONLY,VEA,0.5013134810889031
2022-04-29,CTB_ONLY,EEM,0.5026349778713592
2022-04-29,CTB_ONLY,IEF,0.5022688023342433
2022-04-29,CTB_ONLY,TLT,0.5007700601857806
2022-04-29,CTB_ONLY,TIP,0.5029511222162698
2022-04-29,CTB_ONLY,LQD,0.503475114813775
2022-04-29,CTB_ONLY,VNQ,0.5022110394156144
2022-04-29,CTB_ONLY,GLD,0.5023782226652721
2022-04-29,CTB_ONLY,DBC,0.502379145416621
2022-04-29,RB_CTB_BAND,SPY,0.5415703036419985
2022-04-29,RB_CTB_BAND,VEA,0.5450061126784129
2022-04-29,RB_CTB_BAND,EEM,0.5454708729010725
2022-04-29,RB_CTB_BAND,IEF,0.474694685958076
2022-04-29,RB_CTB_BAND,TLT,0.4750282853337759
2022-04-29,RB_CTB_BAND,TIP,0.48756234456859254
2022-04-29,RB_CTB_BAND,LQD,0.5530748303704389
2022-04-29,RB_CTB_BAND,VNQ,0.5151463142182008
2022-04-29,RB_CTB_BAND,GLD,0.45637259295888516
2022-04-29,RB_CTB_BAND,DBC,0.4727350799465623
2022-05-31,ERC,SPY,0.5383176326822043
2022-05-31,ERC,VEA,0.5412823081490765
2022-05-31,ERC,EEM,0.5463065662428043
2022-05-31,ERC,IEF,0.4700073936726889
2022-05-31,ERC,TLT,0.47857096578562913
2022-05-31,ERC,TIP,0.4881090660079073
2022-05-31,ERC,LQD,0.5486558239485381
2022-05-31,ERC,VNQ,0.5098540467790095
2022-05-31,ERC,GLD,0.45970174873203273
2022-05-31,ERC,DBC,0.46983733767970204
2022-05-31,CTB_ONLY,SPY,0.5006713672600281
2022-05-31,CTB_ONLY,VEA,0.5006715112885846
2022-05-31,CTB_ONLY,EEM,0.5006680128119722
2022-05-31,CTB_ONLY,IEF,0.5006710228448952
2022-05-31,CTB_ONLY,TLT,0.5006676674820313
2022-05-31,CTB_ONLY,TIP,0.5006739611209516
2022-05-31,CTB_ONLY,LQD,0.5006754716469209
2022-05-31,CTB_ONLY,VNQ,0.5006732519034115
2022-05-31,CTB_ONLY,GLD,0.500673250703024
2022-05-31,CTB_ONLY,DBC,0.5006722732950015
2022-05-31,RB_CTB_BAND,SPY,0.5378544899840573
2022-05-31,RB_CTB_BAND,VEA,0.5408786076810334
2022-05-31,RB_CTB_BAND,EEM,0.5460803601438804
2022-05-31,RB_CTB_BAND,IEF,0.46957733186447276
2022-05-31,RB_CTB_BAND,TLT,0.4787602049159864
2022-05-31,RB_CTB_BAND,TIP,0.4883431061811762
2022-05-31,RB_CTB_BAND,LQD,0.5502752414678217
2022-05-31,RB_CTB_BAND,VNQ,0.5097502646049089
2022-05-31,RB_CTB_BAND,GLD,0.45996346580648817
2022-05-31,RB_CTB_BAND,DBC,0.4692293824931853
2022-06-30,ERC,SPY,0.5375705841596107
2022-06-30,ERC,VEA,0.5360675279767443
2022-06-30,ERC,EEM,0.5452337227238864
2022-06-30,ERC,IEF,0.46925675901178426
2022-06-30,ERC,TLT,0.48190549855764375
2022-06-30,ERC,TIP,0.48607365093128024
2022-06-30,ERC,LQD,0.5499488203877976
2022-06-30,ERC,VNQ,0.5145753083680421
2022-06-30,ERC,GLD,0.45278601835077414
2022-06-30,ERC,DBC,0.4765601780671943
2022-06-30,CTB_ONLY,SPY,0.5008109134499883
2022-06-30,CTB_ONLY,VEA,0.4989932109187499
2022-06-30,CTB_ONLY,EEM,0.5008351192857677
2022-06-30,CTB_ONLY,IEF,0.4999558786643604
2022-06-30,CTB_ONLY,TLT,0.5032142399276225
2022-06-30,CTB_ONLY,TIP,0.4981856053510661
2022-06-30,CTB_ONLY,LQD,0.50158318621796
2022-06-30,CTB_ONLY,VNQ,0.5006617609178158
2022-06-30,CTB_ONLY,GLD,0.5006390067157934
2022-06-30,CTB_ONLY,DBC,0.5005275096898365
2022-06-30,RB_CTB_BAND,SPY,0.5364932135993552
2022-06-30,RB_CTB_BAND,VEA,0.5346960607825904
2022-06-30,RB_CTB_BAND,EEM,0.544194403101834
2022-06-30,RB_CTB_BAND,IEF,0.4695708969375896
2022-06-30,RB_CTB_BAND,TLT,0.4830748089840108
2022-06-30,RB_CTB_BAND,TIP,0.48675897871870905
2022-06-30,RB_CTB_BAND,LQD,0.5501812625396783
2022-06-30,RB_CTB_BAND,VNQ,0.5151249570888323
2022-06-30,RB_CTB_BAND,GLD,0.45177895212787494
2022-06-30,RB_CTB_BAND,DBC,0.477825939780941
2022-07-29,ERC,SPY,0.5372115636300694
2022-07-29,ERC,VEA,0.5262656179550624
2022-07-29,ERC,EEM,0.5424298939045432
2022-07-29,ERC,IEF,0.46953726752470354
2022-07-29,ERC,TLT,0.4784755560886729
2022-07-29,ERC,TIP,0.4832934839350682
2022-07-29,ERC,LQD,0.5477130397842778
2022-07-29,ERC,VNQ,0.5044619429662474
2022-07-29,ERC,GLD,0.45596557670318594
2022-07-29,ERC,DBC,0.47860981154610394
2022-07-29,CTB_ONLY,SPY,0.49847310903501374
2022-07-29,CTB_ONLY,VEA,0.49847284655668106
2022-07-29,CTB_ONLY,EEM,0.49846997474431154
2022-07-29,CTB_ONLY,IEF,0.49847297002622604
2022-07-29,CTB_ONLY,TLT,0.4984694516332116
2022-07-29,CTB_ONLY,TIP,0.4984751929850361
2022-07-29,CTB_ONLY,LQD,0.498477160433077
2022-07-29,CTB_ONLY,VNQ,0.49847480383083725
2022-07-29,CTB_ONLY,GLD,0.4984747979341553
2022-07-29,CTB_ONLY,DBC,0.4984740114290817
2022-07-29,RB_CTB_BAND,SPY,0.5364211622817925
2022-07-29,RB_CTB_BAND,VEA,0.5251034029806408
2022-07-29,RB_CTB_BAND,EEM,0.5416519959516248
2022-07-29,RB_CTB_BAND,IEF,0.47041992105190134
2022-07-29,RB_CTB_BAND,TLT,0.4796051103426184
2022-07-29,RB_CTB_BAND,TIP,0.4841899506118415
2022-07-29,RB_CTB_BAND,LQD,0.5477380559422336
2022-07-29,RB_CTB_BAND,VNQ,0.503667627388372
2022-07-29,RB_CTB_BAND,GLD,0.45587013329363973
2022-07-29,RB_CTB_BAND,DBC,0.47896376744210295
2022-08-31,ERC,SPY,0.5407839384071083
2022-08-31,ERC,VEA,0.5292587170393571
2022-08-31,ERC,EEM,0.5462364755936484
2022-08-31,ERC,IEF,0.4685692607568506
2022-08-31,ERC,TLT,0.4809375920743604
2022-08-31,ERC,TIP,0.4836946800814495
2022-08-31,ERC,LQD,0.553845507300824
2022-08-31,ERC,VNQ,0.5137126923275362
2022-08-31,ERC,GLD,0.4644362132808685
2022-08-31,ERC,DBC,0.4843938103345128
2022-08-31,CTB_ONLY,SPY,0.5026004312129307
2022-08-31,CTB_ONLY,VEA,0.5026001215176784
2022-08-31,CTB_ONLY,EEM,0.502597227196982
2022-08-31,CTB_ONLY,IEF,0.50260005150974
2022-08-31,CTB_ONLY,TLT,0.5025971749858654
2022-08-31,CTB_ONLY,TIP,0.502602299027834
2022-08-31,CTB_ONLY,LQD,0.5026047068083436
2022-08-31,CTB_ONLY,VNQ,0.5026021928202519
2022-08-31,CTB_ONLY,GLD,0.5026021923814641
2022-08-31,CTB_ONLY,DBC,0.5026014169117943
2022-08-31,RB_CTB_BAND,SPY,0.5421854672177077
2022-08-31,RB_CTB_BAND,VEA,0.5304056427262349
2022-08-31,RB_CTB_BAND,EEM,0.5475931752986225
2022-08-31,RB_CTB_BAND,IEF,0.4660964236101268
2022-08-31,RB_CTB_BAND,TLT,0.479034718123642
2022-08-31,RB_CTB_BAND,TIP,0.4811725428063755
2022-08-31,RB_CTB_BAND,LQD,0.5544322861774165
2022-08-31,RB_CTB_BAND,VNQ,0.5144717390562601
2022-08-31,RB_CTB_BAND,GLD,0.4656383373939475
2022-08-31,RB_CTB_BAND,DBC,0.4853733185266144
2022-09-30,ERC,SPY,0.5422244105811701
2022-09-30,ERC,VEA,0.5273555958722627
2022-09-30,ERC,EEM,0.5466544163830995
2022-09-30,ERC,IEF,0.4688605022027073
2022-09-30,ERC,TLT,0.48037291117525127
2022-09-30,ERC,TIP,0.4789382219334688
2022-09-30,ERC,LQD,0.5576126578909382
2022-09-30,ERC,VNQ,0.5115429767984727
2022-09-30,ERC,GLD,0.4569561514504499
2022-09-30,ERC,DBC,0.47912940643469815
2022-09-30,CTB_ONLY,SPY,0.5002887401913411
2022-09-30,CTB_ONLY,VEA,0.5002883634422941
2022-09-30,CTB_ONLY,EEM,0.5002856706114092
2022-09-30,CTB_ONLY,IEF,0.5002886679816166
2022-09-30,CTB_ONLY,TLT,0.5002856687223812
2022-09-30,CTB_ONLY,TIP,0.5002901995621841
2022-09-30,CTB_ONLY,LQD,0.5002930845599483
2022-09-30,CTB_ONLY,VNQ,0.5002903509738023
2022-09-30,CTB_ONLY,GLD,0.5002904387072991
2022-09-30,CTB_ONLY,DBC,0.500289682567248
2022-09-30,RB_CTB_BAND,SPY,0.543354342313259
2022-09-30,RB_CTB_BAND,VEA,0.5280436191464809
2022-09-30,RB_CTB_BAND,EEM,0.5474206176054428
2022-09-30,RB_CTB_BAND,IEF,0.46774489392689644
2022-09-30,RB_CTB_BAND,TLT,0.479616848167595
2022-09-30,RB_CTB_BAND,TIP,0.47761379111805635
2022-09-30,RB_CTB_BAND,LQD,0.5592429120281482
2022-09-30,RB_CTB_BAND,VNQ,0.5119331313541553
2022-09-30,RB_CTB_BAND,GLD,0.45589685411400394
2022-09-30,RB_CTB_BAND,DBC,0.47937945554444483
2022-10-31,ERC,SPY,0.54313155169397
2022-10-31,ERC,VEA,0.5247371619374273
2022-10-31,ERC,EEM,0.5449564693562191
2022-10-31,ERC,IEF,0.4684808869152706
2022-10-31,ERC,TLT,0.4794683140293906
2022-10-31,ERC,TIP,0.486795915603257
2022-10-31,ERC,LQD,0.5568425882473332
2022-10-31,ERC,VNQ,0.5146119831286069
2022-10-31,ERC,GLD,0.4600323457701322
2022-10-31,ERC,DBC,0.4831754666774825
2022-10-31,CTB_ONLY,SPY,0.5018258961986644
2022-10-31,CTB_ONLY,VEA,0.5018250552318418
2022-10-31,CTB_ONLY,EEM,0.5018226621698377
2022-10-31,CTB_ONLY,IEF,0.5018251193104729
2022-10-31,CTB_ONLY,TLT,0.5018222330175176
2022-10-31,CTB_ONLY,TIP,0.5018280368498209
2022-10-31,CTB_ONLY,LQD,0.5018300348811904
2022-10-31,CTB_ONLY,VNQ,0.5018273268174616
2022-10-31,CTB_ONLY,GLD,0.5018274724384033
2022-10-31,CTB_ONLY,DBC,0.501826718545772
2022-10-31,RB_CTB_BAND,SPY,0.5422998784689615
2022-10-31,RB_CTB_BAND,VEA,0.523801519624857
2022-10-31,RB_CTB_BAND,EEM,0.5440591777502245
2022-10-31,RB_CTB_BAND,IEF,0.46937404946377703
2022-10-31,RB_CTB_BAND,TLT,0.48055662510570063
2022-10-31,RB_CTB_BAND,TIP,0.48805464533496185
2022-10-31,RB_CTB_BAND,LQD,0.5565786898083865
2022-10-31,RB_CTB_BAND,VNQ,0.5145917941455329
2022-10-31,RB_CTB_BAND,GLD,0.4595014705198192
2022-10-31,RB_CTB_BAND,DBC,0.4831050159440208
2022-11-30,ERC,SPY,0.5383363745622916
2022-11-30,ERC,VEA,0.5253441456971837
2022-11-30,ERC,EEM,0.5444552105462227
2022-11-30,ERC,IEF,0.47134927638021895
2022-11-30,ERC,TLT,0.47957611449595705
2022-11-30,ERC,TIP,0.4838204870730186
2022-11-30,ERC,LQD,0.5553472772552851
2022-11-30,ERC,VNQ,0.5099309877916739
2022-11-30,ERC,GLD,0.461276721612583
2022-11-30,ERC,DBC,0.4772383896204119
2022-11-30,CTB_ONLY,SPY,0.5005518516042187
2022-11-30,CTB_ONLY,VEA,0.5005512710324507
2022-11-30,CTB_ONLY,EEM,0.5005487657778205
2022-11-30,CTB_ONLY,IEF,0.5005516697491247
2022-11-30,CTB_ONLY,TLT,0.5005483561939836
2022-11-30,CTB_ONLY,TIP,0.5005535854118046
2022-11-30,CTB_ONLY,LQD,0.5005560587834892
2022-11-30,CTB_ONLY,VNQ,0.5005533039396458
2022-11-30,CTB_ONLY,GLD,0.5005535728959117
2022-11-30,CTB_ONLY,DBC,0.5005527669889169
2022-11-30,RB_CTB_BAND,SPY,0.5380989943021366
2022-11-30,RB_CTB_BAND,VEA,0.5254587760356684
2022-11-30,RB_CTB_BAND,EEM,0.5442241597008433
2022-11-30,RB_CTB_BAND,IEF,0.4719128124135419
2022-11-30,RB_CTB_BAND,TLT,0.4800340937235195
2022-11-30,RB_CTB_BAND,TIP,0.48466760707821915
2022-11-30,RB_CTB_BAND,LQD,0.5558698871384623
2022-11-30,RB_CTB_BAND,VNQ,0.5087715687403331
2022-11-30,RB_CTB_BAND,GLD,0.4616736013837831
2022-11-30,RB_CTB_BAND,DBC,0.4759005340016903
2022-12-30,ERC,SPY,0.5349020197304564
2022-12-30,ERC,VEA,0.5283742901325876
2022-12-30,ERC,EEM,0.5445020064294287
2022-12-30,ERC,IEF,0.4702939718465769
2022-12-30,ERC,TLT,0.4790067249608623
2022-12-30,ERC,TIP,0.48209096726086875
2022-12-30,ERC,LQD,0.5523758257009832
2022-12-30,ERC,VNQ,0.5132422427287965
2022-12-30,ERC,GLD,0.44954556831163084
2022-12-30,ERC,DBC,0.4793237442034993
2022-12-30,CTB_ONLY,SPY,0.4976580780255445
2022-12-30,CTB_ONLY,VEA,0.500621288796068
2022-12-30,CTB_ONLY,EEM,0.4988183033425421
2022-12-30,CTB_ONLY,IEF,0.499804599591263
2022-12-30,CTB_ONLY,TLT,0.49880572538872203
2022-12-30,CTB_ONLY,TIP,0.4987062901001239
2022-12-30,CTB_ONLY,LQD,0.4978641250002507
2022-12-30,CTB_ONLY,VNQ,0.4987577139177115
2022-12-30,CTB_ONLY,GLD,0.4985544461249086
2022-12-30,CTB_ONLY,DBC,0.49873406024750805
2022-12-30,RB_CTB_BAND,SPY,0.5350743224054615
2022-12-30,RB_CTB_BAND,VEA,0.5287707562516805
2022-12-30,RB_CTB_BAND,EEM,0.5446265745395695
2022-12-30,RB_CTB_BAND,IEF,0.4700359662365064
2022-12-30,RB_CTB_BAND,TLT,0.4790555344005517
2022-12-30,RB_CTB_BAND,TIP,0.48233453789326985
2022-12-30,RB_CTB_BAND,LQD,0.5524706535919397
2022-12-30,RB_CTB_BAND,VNQ,0.5137397687764358
2022-12-30,RB_CTB_BAND,GLD,0.44799703314789724
2022-12-30,RB_CTB_BAND,DBC,0.4797665113234315
2023-01-31,ERC,SPY,0.5365817513008697
2023-01-31,ERC,VEA,0.5292786135150405
2023-01-31,ERC,EEM,0.5506544050055058
2023-01-31,ERC,IEF,0.4769619433960614
2023-01-31,ERC,TLT,0.4869185403207814
2023-01-31,ERC,TIP,0.47884863149480855
2023-01-31,ERC,LQD,0.5525627881414101
2023-01-31,ERC,VNQ,0.5190545454758356
2023-01-31,ERC,GLD,0.4533592129699076
2023-01-31,ERC,DBC,0.4774882026240565
2023-01-31,CTB_ONLY,SPY,0.5015184835279218
2023-01-31,CTB_ONLY,VEA,0.5015184751793557
2023-01-31,CTB_ONLY,EEM,0.5015162041543088
2023-01-31,CTB_ONLY,IEF,0.501519375568445
2023-01-31,CTB_ONLY,TLT,0.5015159435622211
2023-01-31,CTB_ONLY,TIP,0.5015193133497639
2023-01-31,CTB_ONLY,LQD,0.5015227848799333
2023-01-31,CTB_ONLY,VNQ,0.5015202971890309
2023-01-31,CTB_ONLY,GLD,0.5015202907580734
2023-01-31,CTB_ONLY,DBC,0.5015194619408284
2023-01-31,RB_CTB_BAND,SPY,0.5364291256579293
2023-01-31,RB_CTB_BAND,VEA,0.5289328957976849
2023-01-31,RB_CTB_BAND,EEM,0.5506475524326632
2023-01-31,RB_CTB_BAND,IEF,0.476707665440106
2023-01-31,RB_CTB_BAND,TLT,0.48705928921575037
2023-01-31,RB_CTB_BAND,TIP,0.4785711052547016
2023-01-31,RB_CTB_BAND,LQD,0.5522378296453511
2023-01-31,RB_CTB_BAND,VNQ,0.5201786861936281
2023-01-31,RB_CTB_BAND,GLD,0.4527480825148109
2023-01-31,RB_CTB_BAND,DBC,0.4782183993930251
2023-02-28,ERC,SPY,0.5325260557380733
2023-02-28,ERC,VEA,0.5308005592874274
2023-02-28,ERC,EEM,0.5565164147250368
2023-02-28,ERC,IEF,0.4771524718102984
2023-02-28,ERC,TLT,0.485980122564688
2023-02-28,ERC,TIP,0.48062371054288733
2023-02-28,ERC,LQD,0.5515599696710995
2023-02-28,ERC,VNQ,0.5218145413054248
2023-02-28,ERC,GLD,0.45010136082006097
2023-02-28,ERC,DBC,0.4832184105864843
2023-02-28,CTB_ONLY,SPY,0.5020909563608136
2023-02-28,CTB_ONLY,VEA,0.5020912597085636
2023-02-28,CTB_ONLY,EEM,0.5020891444374034
2023-02-28,CTB_ONLY,IEF,0.5020920750635083
2023-02-28,CTB_ONLY,TLT,0.5020885393794738
2023-02-28,CTB_ONLY,TIP,0.5020921861192228
2023-02-28,CTB_ONLY,LQD,0.5020953941995887
2023-02-28,CTB_ONLY,VNQ,0.5020930151276853
2023-02-28,CTB_ONLY,GLD,0.5020929628233174
2023-02-28,CTB_ONLY,DBC,0.5020922292314788
2023-02-28,RB_CTB_BAND,SPY,0.5335143708522568
2023-02-28,RB_CTB_BAND,VEA,0.5317899029099349
2023-02-28,RB_CTB_BAND,EEM,0.5575937108744156
2023-02-28,RB_CTB_BAND,IEF,0.4756074786294909
2023-02-28,RB_CTB_BAND,TLT,0.48478325046623916
2023-02-28,RB_CTB_BAND,TIP,0.4792579275316484
2023-02-28,RB_CTB_BAND,LQD,0.5520305739878505
2023-02-28,RB_CTB_BAND,VNQ,0.5224201200956413
2023-02-28,RB_CTB_BAND,GLD,0.4499363825903447
2023-02-28,RB_CTB_BAND,DBC,0.4838081769903661
2023-03-31,ERC,SPY,0.529347897767623
2023-03-31,ERC,VEA,0.5275813084193768
2023-03-31,ERC,EEM,0.5581030828555544
2023-03-31,ERC,IEF,0.4752939420426676
2023-03-31,ERC,TLT,0.4834648133433964
2023-03-31,ERC,TIP,0.47966310583108207
2023-03-31,ERC,LQD,0.5427601244588331
2023-03-31,ERC,VNQ,0.5208660189921093
2023-03-31,ERC,GLD,0.44707727129781916
2023-03-31,ERC,DBC,0.48526937899007955
2023-03-31,CTB_ONLY,SPY,0.5000811497450862
2023-03-31,CTB_ONLY,VEA,0.5003145664003553
2023-03-31,CTB_ONLY,EEM,0.501251287553283
2023-03-31,CTB_ONLY,IEF,0.500105066218162
2023-03-31,CTB_ONLY,TLT,0.49878460495206767
2023-03-31,CTB_ONLY,TIP,0.5019298339035596
2023-03-31,CTB_ONLY,LQD,0.49862539284677443
2023-03-31,CTB_ONLY,VNQ,0.4998625952299159
2023-03-31,CTB_ONLY,GLD,0.4998728959099772
2023-03-31,CTB_ONLY,DBC,0.4999714956641266
2023-03-31,RB_CTB_BAND,SPY,0.5290175491540504
2023-03-31,RB_CTB_BAND,VEA,0.5273052586026518
2023-03-31,RB_CTB_BAND,EEM,0.5581514088366825
2023-03-31,RB_CTB_BAND,IEF,0.47510927159835614
2023-03-31,RB_CTB_BAND,TLT,0.4837325139486334
2023-03-31,RB_CTB_BAND,TIP,0.47982568628334576
2023-03-31,RB_CTB_BAND,LQD,0.541475632998395
2023-03-31,RB_CTB_BAND,VNQ,0.5219214253307464
2023-03-31,RB_CTB_BAND,GLD,0.44697628422022306
2023-03-31,RB_CTB_BAND,DBC,0.4858048483502314
2023-04-28,ERC,SPY,0.5323410267468783
2023-04-28,ERC,VEA,0.5360009553722671
2023-04-28,ERC,EEM,0.5593698202613651
2023-04-28,ERC,IEF,0.47672315197811327
2023-04-28,ERC,TLT,0.4890589040031915
2023-04-28,ERC,TIP,0.47907747330867173
2023-04-28,ERC,LQD,0.5421875402843448
2023-04-28,ERC,VNQ,0.529913745478571
2023-04-28,ERC,GLD,0.4541092281846631
2023-04-28,ERC,DBC,0.4874184035110611
2023-04-28,CTB_ONLY,SPY,0.5038204555941384
2023-04-28,CTB_ONLY,VEA,0.5054165958192212
2023-04-28,CTB_ONLY,EEM,0.5032009278480175
2023-04-28,CTB_ONLY,IEF,0.5028207426726478
2023-04-28,CTB_ONLY,TLT,0.5057648279975334
2023-04-28,CTB_ONLY,TIP,0.5030770408144802
2023-04-28,CTB_ONLY,LQD,0.5034493085594873
2023-04-28,CTB_ONLY,VNQ,0.5038463910208484
2023-04-28,CTB_ONLY,GLD,0.5037271787788556
2023-04-28,CTB_ONLY,DBC,0.5037674727544866
2023-04-28,RB_CTB_BAND,SPY,0.5330065315949101
2023-04-28,RB_CTB_BAND,VEA,0.5369199947152999
2023-04-28,RB_CTB_BAND,EEM,0.5601518043231877
2023-04-28,RB_CTB_BAND,IEF,0.4750250541020387
2023-04-28,RB_CTB_BAND,TLT,0.48796404344303823
2023-04-28,RB_CTB_BAND,TIP,0.47743406141106653
2023-04-28,RB_CTB_BAND,LQD,0.5415342034004768
2023-04-28,RB_CTB_BAND,VNQ,0.5310559786533496
2023-04-28,RB_CTB_BAND,GLD,0.45548967422424746
2023-04-28,RB_CTB_BAND,DBC,0.4878275601315036
2023-05-31,ERC,SPY,0.537810689066799
2023-05-31,ERC,VEA,0.5424405701872576
2023-05-31,ERC,EEM,0.5610030195473836
2023-05-31,ERC,IEF,0.4811018506412147
2023-05-31,ERC,TLT,0.4913875446661976
2023-05-31,ERC,TIP,0.47892194394210935
2023-05-31,ERC,LQD,0.5424466867865065
2023-05-31,ERC,VNQ,0.5325313947044362
2023-05-31,ERC,GLD,0.4486777396341544
2023-05-31,ERC,DBC,0.4860431180996402
2023-05-31,CTB_ONLY,SPY,0.5054535062218106
2023-05-31,CTB_ONLY,VEA,0.506157879238499
2023-05-31,CTB_ONLY,EEM,0.5041528621012025
2023-05-31,CTB_ONLY,IEF,0.5063690662278884
2023-05-31,CTB_ONLY,TLT,0.5062557377281038
2023-05-31,CTB_ONLY,TIP,0.502275740689644
2023-05-31,CTB_ONLY,LQD,0.5044508516597834
2023-05-31,CTB_ONLY,VNQ,0.5049288455573031
2023-05-31,CTB_ONLY,GLD,0.5047641455339646
2023-05-31,CTB_ONLY,DBC,0.5048206742828777
2023-05-31,RB_CTB_BAND,SPY,0.5389617051511515
2023-05-31,RB_CTB_BAND,VEA,0.543669906793761
2023-05-31,RB_CTB_BAND,EEM,0.5620709880820421
2023-05-31,RB_CTB_BAND,IEF,0.4796802482969573
2023-05-31,RB_CTB_BAND,TLT,0.49054309638441324
2023-05-31,RB_CTB_BAND,TIP,0.477196749712986
2023-05-31,RB_CTB_BAND,LQD,0.5431709542338669
2023-05-31,RB_CTB_BAND,VNQ,0.5338882145307775
2023-05-31,RB_CTB_BAND,GLD,0.4477164536214399
2023-05-31,RB_CTB_BAND,DBC,0.48613069631880296
2023-06-30,ERC,SPY,0.5398650456731131
2023-06-30,ERC,VEA,0.5434331936632273
2023-06-30,ERC,EEM,0.5704730098288231
2023-06-30,ERC,IEF,0.4907685900279221
2023-06-30,ERC,TLT,0.5004609536940383
2023-06-30,ERC,TIP,0.48427945218094715
2023-06-30,ERC,LQD,0.5449853438891605
2023-06-30,ERC,VNQ,0.5435994286019972
2023-06-30,ERC,GLD,0.4525533066982983
2023-06-30,ERC,DBC,0.5036245015439146
2023-06-30,CTB_ONLY,SPY,0.5117080131581299
2023-06-30,CTB_ONLY,VEA,0.5118073363024881
2023-06-30,CTB_ONLY,EEM,0.513165989770599
2023-06-30,CTB_ONLY,IEF,0.5151742660540359
2023-06-30,CTB_ONLY,TLT,0.5128880578335643
2023-06-30,CTB_ONLY,TIP,0.5081298788560983
2023-06-30,CTB_ONLY,LQD,0.5121890033332509
2023-06-30,CTB_ONLY,VNQ,0.5120088680912486
2023-06-30,CTB_ONLY,GLD,0.5120433213773872
2023-06-30,CTB_ONLY,DBC,0.5120496567254131
2023-06-30,RB_CTB_BAND,SPY,0.5392124283701641
2023-06-30,RB_CTB_BAND,VEA,0.5428028799615298
2023-06-30,RB_CTB_BAND,EEM,0.5702437497516981
2023-06-30,RB_CTB_BAND,IEF,0.49101195072971143
2023-06-30,RB_CTB_BAND,TLT,0.5011995498726444
2023-06-30,RB_CTB_BAND,TIP,0.483927157165177
2023-06-30,RB_CTB_BAND,LQD,0.543478839879294
2023-06-30,RB_CTB_BAND,VNQ,0.5453273092195027
2023-06-30,RB_CTB_BAND,GLD,0.45136060495857544
2023-06-30,RB_CTB_BAND,DBC,0.5054812096673049
2023-07-31,ERC,SPY,0.5400273935003574
2023-07-31,ERC,VEA,0.5422408211922464
2023-07-31,ERC,EEM,0.5694612917614512
2023-07-31,ERC,IEF,0.48984836843854945
2023-07-31,ERC,TLT,0.49669669302383235
2023-07-31,ERC,TIP,0.48210247119655075
2023-07-31,ERC,LQD,0.5433400686415084
2023-07-31,ERC,VNQ,0.5418640388772735
2023-07-31,ERC,GLD,0.4534534667103935
2023-07-31,ERC,DBC,0.5085763870166121
2023-07-31,CTB_ONLY,SPY,0.5119732204177315
2023-07-31,CTB_ONLY,VEA,0.5111751246895273
2023-07-31,CTB_ONLY,EEM,0.5117160243460969
2023-07-31,CTB_ONLY,IEF,0.5156539276372837
2023-07-31,CTB_ONLY,TLT,0.5108226203481547
2023-07-31,CTB_ONLY,TIP,0.5080680286104855
2023-07-31,CTB_ONLY,LQD,0.5120475716959182
2023-07-31,CTB_ONLY,VNQ,0.5114881910359359
2023-07-31,CTB_ONLY,GLD,0.5117186409476592
2023-07-31,CTB_ONLY,DBC,0.5117741648945537
2023-07-31,RB_CTB_BAND,SPY,0.5406477732739805
2023-07-31,RB_CTB_BAND,VEA,0.5427696133139229
2023-07-31,RB_CTB_BAND,EEM,0.5700942048712031
2023-07-31,RB_CTB_BAND,IEF,0.4889729430364358
2023-07-31,RB_CTB_BAND,TLT,0.4960841086118682
2023-07-31,RB_CTB_BAND,TIP,0.48047630494474053
2023-07-31,RB_CTB_BAND,LQD,0.5424006607616403
2023-07-31,RB_CTB_BAND,VNQ,0.5431966644882698
2023-07-31,RB_CTB_BAND,GLD,0.45297021819470473
2023-07-31,RB_CTB_BAND,DBC,0.5103287663505762
2023-08-31,ERC,SPY,0.5367243020441511
2023-08-31,ERC,VEA,0.5395162992197525
2023-08-31,ERC,EEM,0.570393141745887
2023-08-31,ERC,IEF,0.49080800177018025
2023-08-31,ERC,TLT,0.4958928130277862
2023-08-31,ERC,TIP,0.48165429704888446
2023-08-31,ERC,LQD,0.5452704083020171
2023-08-31,ERC,VNQ,0.5374986566046596
2023-08-31,ERC,GLD,0.45308486060196174
2023-08-31,ERC,DBC,0.5064217516452008
2023-08-31,CTB_ONLY,SPY,0.5105345722044639
2023-08-31,CTB_ONLY,VEA,0.5105355059493315
2023-08-31,CTB_ONLY,EEM,0.5105332798644399
2023-08-31,CTB_ONLY,IEF,0.5105368299641114
2023-08-31,CTB_ONLY,TLT,0.5105327244869546
2023-08-31,CTB_ONLY,TIP,0.510535110644523
2023-08-31,CTB_ONLY,LQD,0.5105388730887597
2023-08-31,CTB_ONLY,VNQ,0.5105368887191865
2023-08-31,CTB_ONLY,GLD,0.5105365541599297
2023-08-31,CTB_ONLY,DBC,0.510536096070261
2023-08-31,RB_CTB_BAND,SPY,0.5372211300946128
2023-08-31,RB_CTB_BAND,VEA,0.5399806168986773
2023-08-31,RB_CTB_BAND,EEM,0.570966818956003
2023-08-31,RB_CTB_BAND,IEF,0.4903389750113576
2023-08-31,RB_CTB_BAND,TLT,0.49549381249513336
2023-08-31,RB_CTB_BAND,TIP,0.4805058880120342
2023-08-31,RB_CTB_BAND,LQD,0.5454264996486814
2023-08-31,RB_CTB_BAND,VNQ,0.5377876557849474
2023-08-31,RB_CTB_BAND,GLD,0.4530288913755787
2023-08-31,RB_CTB_BAND,DBC,0.506745998894797
2023-09-29,ERC,SPY,0.5404210032205624
2023-09-29,ERC,VEA,0.5404873988634619
2023-09-29,ERC,EEM,0.5694158947261037
2023-09-29,ERC,IEF,0.4935795366110447
2023-09-29,ERC,TLT,0.4950194777299311
2023-09-29,ERC,TIP,0.483004132854665
2023-09-29,ERC,LQD,0.5504739484369399
2023-09-29,ERC,VNQ,0.5492680628670795
2023-09-29,ERC,GLD,0.4551591676216002
2023-09-29,ERC,DBC,0.5082054395158527
2023-09-29,CTB_ONLY,SPY,0.51315656069578
2023-09-29,CTB_ONLY,VEA,0.5131574099191956
2023-09-29,CTB_ONLY,EEM,0.5131551369877475
2023-09-29,CTB_ONLY,IEF,0.5131589105353022
2023-09-29,CTB_ONLY,TLT,0.5131544562538961
2023-09-29,CTB_ONLY,TIP,0.5131570243152903
2023-09-29,CTB_ONLY,LQD,0.5131608118336948
2023-09-29,CTB_ONLY,VNQ,0.5131588388857055
2023-09-29,CTB_ONLY,GLD,0.513158466548517
2023-09-29,CTB_ONLY,DBC,0.513158032963336
2023-09-29,RB_CTB_BAND,SPY,0.540535227556115
2023-09-29,RB_CTB_BAND,VEA,0.5404282976954148
2023-09-29,RB_CTB_BAND,EEM,0.5694372618555343
2023-09-29,RB_CTB_BAND,IEF,0.49349148668428827
2023-09-29,RB_CTB_BAND,TLT,0.49487765076031126
2023-09-29,RB_CTB_BAND,TIP,0.4823748358976138
2023-09-29,RB_CTB_BAND,LQD,0.5502897886555406
2023-09-29,RB_CTB_BAND,VNQ,0.5503487180670893
2023-09-29,RB_CTB_BAND,GLD,0.4548032934759514
2023-09-29,RB_CTB_BAND,DBC,0.5085938369632999
2023-10-31,ERC,SPY,0.5408163813925798
2023-10-31,ERC,VEA,0.5435531262102623
2023-10-31,ERC,EEM,0.5667025511257682
2023-10-31,ERC,IEF,0.4938936827511793
2023-10-31,ERC,TLT,0.49446457247223197
2023-10-31,ERC,TIP,0.4829855073157166
2023-10-31,ERC,LQD,0.5505532060004923
2023-10-31,ERC,VNQ,0.5537471743580819
2023-10-31,ERC,GLD,0.45832435287810314
2023-10-31,ERC,DBC,0.5081206435799038
2023-10-31,CTB_ONLY,SPY,0.5139510787400868
2023-10-31,CTB_ONLY,VEA,0.5153455884831115
2023-10-31,CTB_ONLY,EEM,0.5126662382303809
2023-10-31,CTB_ONLY,IEF,0.5147913337228633
2023-10-31,CTB_ONLY,TLT,0.5135193609052048
2023-10-31,CTB_ONLY,TIP,0.5140901200706811
2023-10-31,CTB_ONLY,LQD,0.5140995543103956
2023-10-31,CTB_ONLY,VNQ,0.5141989088374604
2023-10-31,CTB_ONLY,GLD,0.5139660368523183
2023-10-31,CTB_ONLY,DBC,0.514061823284937
2023-10-31,RB_CTB_BAND,SPY,0.5411765926886928
2023-10-31,RB_CTB_BAND,VEA,0.5435920901131356
2023-10-31,RB_CTB_BAND,EEM,0.566830386077906
2023-10-31,RB_CTB_BAND,IEF,0.49360817653884664
2023-10-31,RB_CTB_BAND,TLT,0.4941825025363744
2023-10-31,RB_CTB_BAND,TIP,0.4825538178012237
2023-10-31,RB_CTB_BAND,LQD,0.5503971866474144
2023-10-31,RB_CTB_BAND,VNQ,0.5546189766929677
2023-10-31,RB_CTB_BAND,GLD,0.4582854383269691
2023-10-31,RB_CTB_BAND,DBC,0.5080522030179506
2023-11-30,ERC,SPY,0.542934348534532
2023-11-30,ERC,VEA,0.5430374274008575
2023-11-30,ERC,EEM,0.5642507642153831
2023-11-30,ERC,IEF,0.4923518327661361
2023-11-30,ERC,TLT,0.4971732541016025
2023-11-30,ERC,TIP,0.4883009652131403
2023-11-30,ERC,LQD,0.5482014082386295
2023-11-30,ERC,VNQ,0.555614044654723
2023-11-30,ERC,GLD,0.4538053162026525
2023-11-30,ERC,DBC,0.5082845782806953
2023-11-30,CTB_ONLY,SPY,0.5142639662599213
2023-11-30,CTB_ONLY,VEA,0.514265367932942
2023-11-30,CTB_ONLY,EEM,0.5142626893024533
2023-11-30,CTB_ONLY,IEF,0.5142661051678601
2023-11-30,CTB_ONLY,TLT,0.5142620850161397
2023-11-30,CTB_ONLY,TIP,0.5142650225725351
2023-11-30,CTB_ONLY,LQD,0.514268280412845
2023-11-30,CTB_ONLY,VNQ,0.5142663873730341
2023-11-30,CTB_ONLY,GLD,0.5142659483188377
2023-11-30,CTB_ONLY,DBC,0.5142656230431503
2023-11-30,RB_CTB_BAND,SPY,0.5427986481195982
2023-11-30,RB_CTB_BAND,VEA,0.5424160637591435
2023-11-30,RB_CTB_BAND,EEM,0.5636883702524941
2023-11-30,RB_CTB_BAND,IEF,0.49276728098608
2023-11-30,RB_CTB_BAND,TLT,0.4977383658669638
2023-11-30,RB_CTB_BAND,TIP,0.48905242113919817
2023-11-30,RB_CTB_BAND,LQD,0.5485341760585395
2023-11-30,RB_CTB_BAND,VNQ,0.5564822810024979
2023-11-30,RB_CTB_BAND,GLD,0.4522091660219673
2023-11-30,RB_CTB_BAND,DBC,0.5083833718544571
2023-12-29,ERC,SPY,0.5490809796313795
2023-12-29,ERC,VEA,0.5421401995963732
2023-12-29,ERC,EEM,0.5642063587467508
2023-12-29,ERC,IEF,0.49088799914942427
2023-12-29,ERC,TLT,0.500259886486939
2023-12-29,ERC,TIP,0.48890804549634714
2023-12-29,ERC,LQD,0.5570000675173401
2023-12-29,ERC,VNQ,0.5574653699307731
2023-12-29,ERC,GLD,0.4560015883347692
2023-12-29,ERC,DBC,0.5060686959165633
2023-12-29,CTB_ONLY,SPY,0.5158370481684886
2023-12-29,CTB_ONLY,VEA,0.5158382581526809
2023-12-29,CTB_ONLY,EEM,0.5158355508076528
2023-12-29,CTB_ONLY,IEF,0.5158388178537118
2023-12-29,CTB_ONLY,TLT,0.5158353202159291
2023-12-29,CTB_ONLY,TIP,0.515837923852282
2023-12-29,CTB_ONLY,LQD,0.5158414094174278
2023-12-29,CTB_ONLY,VNQ,0.5158393432034941
2023-12-29,CTB_ONLY,GLD,0.5158390014206237
2023-12-29,CTB_ONLY,DBC,0.5158385910910083
2023-12-29,RB_CTB_BAND,SPY,0.5489840099777328
2023-12-29,RB_CTB_BAND,VEA,0.5414936235323407
2023-12-29,RB_CTB_BAND,EEM,0.5637062326863113
2023-12-29,RB_CTB_BAND,IEF,0.49110396749318547
2023-12-29,RB_CTB_BAND,TLT,0.5010937414537907
2023-12-29,RB_CTB_BAND,TIP,0.49006929557556356
2023-12-29,RB_CTB_BAND,LQD,0.5584389465347555
2023-12-29,RB_CTB_BAND,VNQ,0.5573848025413448
2023-12-29,RB_CTB_BAND,GLD,0.4548781394226931
2023-12-29,RB_CTB_BAND,DBC,0.504934418724682
2024-01-31,ERC,SPY,0.5560773177103746
2024-01-31,ERC,VEA,0.5385436324223897
2024-01-31,ERC,EEM,0.5596577523283558
2024-01-31,ERC,IEF,0.49119097055105926
2024-01-31,ERC,TLT,0.4995054490182145
2024-01-31,ERC,TIP,0.49298125216074035
2024-01-31,ERC,LQD,0.5577761272649584
2024-01-31,ERC,VNQ,0.5515511703628372
2024-01-31,ERC,GLD,0.4500934593505985
2024-01-31,ERC,DBC,0.505719076236458
2024-01-31,CTB_ONLY,SPY,0.516818772296001
2024-01-31,CTB_ONLY,VEA,0.5141135448442096
2024-01-31,CTB_ONLY,EEM,0.5144038633443822
2024-01-31,CTB_ONLY,IEF,0.5144282757340118
2024-01-31,CTB_ONLY,TLT,0.5129976465687192
2024-01-31,CTB_ONLY,TIP,0.5172525462651022
2024-01-31,CTB_ONLY,LQD,0.5144057957453181
2024-01-31,CTB_ONLY,VNQ,0.514906263448565
2024-01-31,CTB_ONLY,GLD,0.5148604629064092
2024-01-31,CTB_ONLY,DBC,0.5148364612439078
2024-01-31,RB_CTB_BAND,SPY,0.5561740684390559
2024-01-31,RB_CTB_BAND,VEA,0.5380472698812819
2024-01-31,RB_CTB_BAND,EEM,0.5593005907810282
2024-01-31,RB_CTB_BAND,IEF,0.4915098539171563
2024-01-31,RB_CTB_BAND,TLT,0.5003450627326473
2024-01-31,RB_CTB_BAND,TIP,0.4946114833844312
2024-01-31,RB_CTB_BAND,LQD,0.5598783541288632
2024-01-31,RB_CTB_BAND,VNQ,0.5504254481554738
2024-01-31,RB_CTB_BAND,GLD,0.44846524968592427
2024-01-31,RB_CTB_BAND,DBC,0.5044878578521445
2024-02-29,ERC,SPY,0.5592008629733718
2024-02-29,ERC,VEA,0.5412662803726651
2024-02-29,ERC,EEM,0.5597456970387802
2024-02-29,ERC,IEF,0.48758233156128067
2024-02-29,ERC,TLT,0.4975888040988492
2024-02-29,ERC,TIP,0.487649463994202
2024-02-29,ERC,LQD,0.5575907862120361
2024-02-29,ERC,VNQ,0.5487823135174866
2024-02-29,ERC,GLD,0.45009475429273255
2024-02-29,ERC,DBC,0.5058548319766347
2024-02-29,CTB_ONLY,SPY,0.5160265117621424
2024-02-29,CTB_ONLY,VEA,0.5135630166580316
2024-02-29,CTB_ONLY,EEM,0.5127463872252654
2024-02-29,CTB_ONLY,IEF,0.5132824892815316
2024-02-29,CTB_ONLY,TLT,0.5143690794932432
2024-02-29,CTB_ONLY,TIP,0.5140122650007397
2024-02-29,CTB_ONLY,LQD,0.5138858604634725
2024-02-29,CTB_ONLY,VNQ,0.5139973791542737
2024-02-29,CTB_ONLY,GLD,0.5140580042107266
2024-02-29,CTB_ONLY,DBC,0.5139323989272802
2024-02-29,RB_CTB_BAND,SPY,0.5604717073256635
2024-02-29,RB_CTB_BAND,VEA,0.542435412800008
2024-02-29,RB_CTB_BAND,EEM,0.560780088606812
2024-02-29,RB_CTB_BAND,IEF,0.4853650249186046
2024-02-29,RB_CTB_BAND,TLT,0.49597725150410105
2024-02-29,RB_CTB_BAND,TIP,0.48629942356810624
2024-02-29,RB_CTB_BAND,LQD,0.5590462709453169
2024-02-29,RB_CTB_BAND,VNQ,0.5487704584762634
2024-02-29,RB_CTB_BAND,GLD,0.45084410924136636
2024-02-29,RB_CTB_BAND,DBC,0.5058431934139378
2024-03-29,ERC,SPY,0.5541582026978696
2024-03-29,ERC,VEA,0.537264513663615
2024-03-29,ERC,EEM,0.5486659683214112
2024-03-29,ERC,IEF,0.4800619698972013
2024-03-29,ERC,TLT,0.4906205170395728
2024-03-29,ERC,TIP,0.4797923291530313
2024-03-29,ERC,LQD,0.5539170122518159
2024-03-29,ERC,VNQ,0.5384510815254561
2024-03-29,ERC,GLD,0.451543811761541
2024-03-29,ERC,DBC,0.5049182165186626
2024-03-29,CTB_ONLY,SPY,0.5090615149689847
2024-03-29,CTB_ONLY,VEA,0.5090622265846894
2024-03-29,CTB_ONLY,EEM,0.5090587021386725
2024-03-29,CTB_ONLY,IEF,0.5090628193470461
2024-03-29,CTB_ONLY,TLT,0.5090589680461536
2024-03-29,CTB_ONLY,TIP,0.5090618471010853
2024-03-29,CTB_ONLY,LQD,0.5090654799148437
2024-03-29,CTB_ONLY,VNQ,0.5090631925227267
2024-03-29,CTB_ONLY,GLD,0.509062913851725
2024-03-29,CTB_ONLY,DBC,0.5090625739615089
2024-03-29,RB_CTB_BAND,SPY,0.5549064487321302
2024-03-29,RB_CTB_BAND,VEA,0.5379898136060879
2024-03-29,RB_CTB_BAND,EEM,0.549236686485431
2024-03-29,RB_CTB_BAND,IEF,0.4781066585843027
2024-03-29,RB_CTB_BAND,TLT,0.48937194686216273
2024-03-29,RB_CTB_BAND,TIP,0.47864318773450676
2024-03-29,RB_CTB_BAND,LQD,0.5544731053068755
2024-03-29,RB_CTB_BAND,VNQ,0.5380594812353465
2024-03-29,RB_CTB_BAND,GLD,0.45318729828615195
2024-03-29,RB_CTB_BAND,DBC,0.5055804334455104
2024-04-30,ERC,SPY,0.555960434247395
2024-04-30,ERC,VEA,0.5455811590375788
2024-04-30,ERC,EEM,0.5529352347643608
2024-04-30,ERC,IEF,0.4827508937189449
2024-04-30,ERC,TLT,0.48955390263804927
2024-04-30,ERC,TIP,0.4809460613607157
2024-04-30,ERC,LQD,0.5574854272300517
2024-04-30,ERC,VNQ,0.5428735400527103
2024-04-30,ERC,GLD,0.45552422184733904
2024-04-30,ERC,DBC,0.505269511085956
2024-04-30,CTB_ONLY,SPY,0.510083091277412
2024-04-30,CTB_ONLY,VEA,0.5134467201832861
2024-04-30,CTB_ONLY,EEM,0.5116315689594487
2024-04-30,CTB_ONLY,IEF,0.5133426016048981
2024-04-30,CTB_ONLY,TLT,0.5105463629899811
2024-04-30,CTB_ONLY,TIP,0.5118546381686729
2024-04-30,CTB_ONLY,LQD,0.5120329034012175
2024-04-30,CTB_ONLY,VNQ,0.5118107526925054
2024-04-30,CTB_ONLY,GLD,0.5116434256648288
2024-04-30,CTB_ONLY,DBC,0.5119262200510765
2024-04-30,RB_CTB_BAND,SPY,0.5565942795100747
2024-04-30,RB_CTB_BAND,VEA,0.5465868756264687
2024-04-30,RB_CTB_BAND,EEM,0.5536302640789524
2024-04-30,RB_CTB_BAND,IEF,0.481099422906604
2024-04-30,RB_CTB_BAND,TLT,0.4882282399075289
2024-04-30,RB_CTB_BAND,TIP,0.4797767506707295
2024-04-30,RB_CTB_BAND,LQD,0.5574246644320945
2024-04-30,RB_CTB_BAND,VNQ,0.5430960538820262
2024-04-30,RB_CTB_BAND,GLD,0.45705915737068187
2024-04-30,RB_CTB_BAND,DBC,0.505582887927417
2024-05-31,ERC,SPY,0.5593621135363896
2024-05-31,ERC,VEA,0.5501324053325012
2024-05-31,ERC,EEM,0.5511562758402023
2024-05-31,ERC,IEF,0.4817396231019865
2024-05-31,ERC,TLT,0.48812045765564455
2024-05-31,ERC,TIP,0.4788908122253827
2024-05-31,ERC,LQD,0.5600133505370214
2024-05-31,ERC,VNQ,0.5431211367294905
2024-05-31,ERC,GLD,0.46381546033613186
2024-05-31,ERC,DBC,0.50552529048869
2024-05-31,CTB_ONLY,SPY,0.5128940263931123
2024-05-31,CTB_ONLY,VEA,0.514579705238387
2024-05-31,CTB_ONLY,EEM,0.5118896033899865
2024-05-31,CTB_ONLY,IEF,0.5139907281930609
2024-05-31,CTB_ONLY,TLT,0.5130604221317315
2024-05-31,CTB_ONLY,TIP,0.5128790468244893
2024-05-31,CTB_ONLY,LQD,0.5139969926067401
2024-05-31,CTB_ONLY,VNQ,0.5133634719791952
2024-05-31,CTB_ONLY,GLD,0.513262369175499
2024-05-31,CTB_ONLY,DBC,0.5134272316170116
2024-05-31,RB_CTB_BAND,SPY,0.560423273792774
2024-05-31,RB_CTB_BAND,VEA,0.5513592891315358
2024-05-31,RB_CTB_BAND,EEM,0.5519505535341334
2024-05-31,RB_CTB_BAND,IEF,0.47929733288269
2024-05-31,RB_CTB_BAND,TLT,0.48634277887750416
2024-05-31,RB_CTB_BAND,TIP,0.47693638366013863
2024-05-31,RB_CTB_BAND,LQD,0.5602406252524631
2024-05-31,RB_CTB_BAND,VNQ,0.5431628759914859
2024-05-31,RB_CTB_BAND,GLD,0.46701286754389837
2024-05-31,RB_CTB_BAND,DBC,0.5054027955913886
2024-06-28,ERC,SPY,0.5570460270958915
2024-06-28,ERC,VEA,0.5461079398017883
2024-06-28,ERC,EEM,0.55231047353934
2024-06-28,ERC,IEF,0.47895588657653776
2024-06-28,ERC,TLT,0.48737481776017094
2024-06-28,ERC,TIP,0.4735996058709436
2024-06-28,ERC,LQD,0.554414671540677
2024-06-28,ERC,VNQ,0.5434727018865964
2024-06-28,ERC,GLD,0.46385925549154605
2024-06-28,ERC,DBC,0.502623249946283
2024-06-28,CTB_ONLY,SPY,0.5107183674861239
2024-06-28,CTB_ONLY,VEA,0.5109882007842564
2024-06-28,CTB_ONLY,EEM,0.5120371646000199
2024-06-28,CTB_ONLY,IEF,0.5122225009966023
2024-06-28,CTB_ONLY,TLT,0.5130588655146356
2024-06-28,CTB_ONLY,TIP,0.508811033957572
2024-06-28,CTB_ONLY,LQD,0.5103703152232278
2024-06-28,CTB_ONLY,VNQ,0.5111592088843113
2024-06-28,CTB_ONLY,GLD,0.511161868658634
2024-06-28,CTB_ONLY,DBC,0.5109958713600229
2024-06-28,RB_CTB_BAND,SPY,0.5581991285654789
2024-06-28,RB_CTB_BAND,VEA,0.5473343051098362
2024-06-28,RB_CTB_BAND,EEM,0.5533914043277722
2024-06-28,RB_CTB_BAND,IEF,0.47641597376997963
2024-06-28,RB_CTB_BAND,TLT,0.4855302248917489
2024-06-28,RB_CTB_BAND,TIP,0.47106674868703113
2024-06-28,RB_CTB_BAND,LQD,0.5544366424642547
2024-06-28,RB_CTB_BAND,VNQ,0.5439044643955221
2024-06-28,RB_CTB_BAND,GLD,0.46715600322379636
2024-06-28,RB_CTB_BAND,DBC,0.5026837607570906
2024-07-31,ERC,SPY,0.5638418103842925
2024-07-31,ERC,VEA,0.5477654100167345
2024-07-31,ERC,EEM,0.556803478894247
2024-07-31,ERC,IEF,0.4890819723796234
2024-07-31,ERC,TLT,0.49464377659335024
2024-07-31,ERC,TIP,0.4811912042405695
2024-07-31,ERC,LQD,0.5542863403253255
2024-07-31,ERC,VNQ,0.5395339321769465
2024-07-31,ERC,GLD,0.4608504557602522
2024-07-31,ERC,DBC,0.5038212833498883
2024-07-31,CTB_ONLY,SPY,0.5143251435411411
2024-07-31,CTB_ONLY,VEA,0.5143265357054513
2024-07-31,CTB_ONLY,EEM,0.5143231961085512
2024-07-31,CTB_ONLY,IEF,0.5143274489961789
2024-07-31,CTB_ONLY,TLT,0.5143231414503349
2024-07-31,CTB_ONLY,TIP,0.5143253983209514
2024-07-31,CTB_ONLY,LQD,0.5143292416605608
2024-07-31,CTB_ONLY,VNQ,0.5143271504729664
2024-07-31,CTB_ONLY,GLD,0.5143268484024026
2024-07-31,CTB_ONLY,DBC,0.5143263708169025
2024-07-31,RB_CTB_BAND,SPY,0.5637251441543002
2024-07-31,RB_CTB_BAND,VEA,0.5471909557574265
2024-07-31,RB_CTB_BAND,EEM,0.5564456066777723
2024-07-31,RB_CTB_BAND,IEF,0.48972737379275827
2024-07-31,RB_CTB_BAND,TLT,0.49549304237599895
2024-07-31,RB_CTB_BAND,TIP,0.4813778443270208
2024-07-31,RB_CTB_BAND,LQD,0.5542630255533324
2024-07-31,RB_CTB_BAND,VNQ,0.5388424951543939
2024-07-31,RB_CTB_BAND,GLD,0.4607768189318139
2024-07-31,RB_CTB_BAND,DBC,0.5037934524710924
2024-08-30,ERC,SPY,0.557527039101325
2024-08-30,ERC,VEA,0.5432646668490567
2024-08-30,ERC,EEM,0.5509807806548707
2024-08-30,ERC,IEF,0.4855067871376944
2024-08-30,ERC,TLT,0.4896702483662843
2024-08-30,ERC,TIP,0.48122381019034294
2024-08-30,ERC,LQD,0.5495455869997466
2024-08-30,ERC,VNQ,0.540526893781335
2024-08-30,ERC,GLD,0.4589356909347669
2024-08-30,ERC,DBC,0.5097855162047532
2024-08-30,CTB_ONLY,SPY,0.5122583039706216
2024-08-30,CTB_ONLY,VEA,0.5122595446704564
2024-08-30,CTB_ONLY,EEM,0.5122563863838895
2024-08-30,CTB_ONLY,IEF,0.5122606215348274
2024-08-30,CTB_ONLY,TLT,0.5122556842058145
2024-08-30,CTB_ONLY,TIP,0.5122591062747264
2024-08-30,CTB_ONLY,LQD,0.5122623846738837
2024-08-30,CTB_ONLY,VNQ,0.5122602988034762
2024-08-30,CTB_ONLY,GLD,0.5122600779085302
2024-08-30,CTB_ONLY,DBC,0.5122595717648565
2024-08-30,RB_CTB_BAND,SPY,0.5564779431919855
2024-08-30,RB_CTB_BAND,VEA,0.5421888857337902
2024-08-30,RB_CTB_BAND,EEM,0.5499062452817959
2024-08-30,RB_CTB_BAND,IEF,0.48640522468482195
2024-08-30,RB_CTB_BAND,TLT,0.4908791561176424
2024-08-30,RB_CTB_BAND,TIP,0.482288462171105
2024-08-30,RB_CTB_BAND,LQD,0.5489184241146046
2024-08-30,RB_CTB_BAND,VNQ,0.5406140909269729
2024-08-30,RB_CTB_BAND,GLD,0.4585036332543404
2024-08-30,RB_CTB_BAND,DBC,0.5103903145501719
2024-09-30,ERC,SPY,0.5638253497540555
2024-09-30,ERC,VEA,0.5466957476014134
2024-09-30,ERC,EEM,0.5605354473579524
2024-09-30,ERC,IEF,0.49206542933626485
2024-09-30,ERC,TLT,0.4949763210249171
2024-09-30,ERC,TIP,0.48682233704429945
2024-09-30,ERC,LQD,0.5558837886087735
2024-09-30,ERC,VNQ,0.5370382986618515
2024-09-30,ERC,GLD,0.4648527452527045
2024-09-30,ERC,DBC,0.5137199362143099
2024-09-30,CTB_ONLY,SPY,0.5173358690642538
2024-09-30,CTB_ONLY,VEA,0.5156751656929034
2024-09-30,CTB_ONLY,EEM,0.518559380693119
2024-09-30,CTB_ONLY,IEF,0.5178190361214128
2024-09-30,CTB_ONLY,TLT,0.5170772623076878
2024-09-30,CTB_ONLY,TIP,0.5172470432493911
2024-09-30,CTB_ONLY,LQD,0.5171696053493587
2024-09-30,CTB_ONLY,VNQ,0.5171638434077518
2024-09-30,CTB_ONLY,GLD,0.5173381187904046
2024-09-30,CTB_ONLY,DBC,0.5173626246611436
2024-09-30,RB_CTB_BAND,SPY,0.5634853296410317
2024-09-30,RB_CTB_BAND,VEA,0.5462638322648019
2024-09-30,RB_CTB_BAND,EEM,0.5602786520311137
2024-09-30,RB_CTB_BAND,IEF,0.49249860057464323
2024-09-30,RB_CTB_BAND,TLT,0.4955817837075583
2024-09-30,RB_CTB_BAND,TIP,0.4874737606101663
2024-09-30,RB_CTB_BAND,LQD,0.555253051393219
2024-09-30,RB_CTB_BAND,VNQ,0.5362836810119745
2024-09-30,RB_CTB_BAND,GLD,0.46507033940325754
2024-09-30,RB_CTB_BAND,DBC,0.5139618086594246
2024-10-31,ERC,SPY,0.5668922849277916
2024-10-31,ERC,VEA,0.5482657357053791
2024-10-31,ERC,EEM,0.5672942759965239
2024-10-31,ERC,IEF,0.4961257191206315
2024-10-31,ERC,TLT,0.49998926586046144
2024-10-31,ERC,TIP,0.48852199449169875
2024-10-31,ERC,LQD,0.5664804819328124
2024-10-31,ERC,VNQ,0.5414508867555984
2024-10-31,ERC,GLD,0.46184973139992247
2024-10-31,ERC,DBC,0.5127015997798887
2024-10-31,CTB_ONLY,SPY,0.5197669141261855
2024-10-31,CTB_ONLY,VEA,0.519768336664451
2024-10-31,CTB_ONLY,EEM,0.5197657986017247
2024-10-31,CTB_ONLY,IEF,0.5197695587068661
2024-10-31,CTB_ONLY,TLT,0.5197651286364354
2024-10-31,CTB_ONLY,TIP,0.5197674086686505
2024-10-31,CTB_ONLY,LQD,0.5197712706341266
2024-10-31,CTB_ONLY,VNQ,0.5197690486044715
2024-10-31,CTB_ONLY,GLD,0.5197688900996573
2024-10-31,CTB_ONLY,DBC,0.5197683778104157
2024-10-31,RB_CTB_BAND,SPY,0.567528962866862
2024-10-31,RB_CTB_BAND,VEA,0.5483884204207709
2024-10-31,RB_CTB_BAND,EEM,0.5676371227942655
2024-10-31,RB_CTB_BAND,IEF,0.4958276709642841
2024-10-31,RB_CTB_BAND,TLT,0.5000336637692306
2024-10-31,RB_CTB_BAND,TIP,0.48832272057495824
2024-10-31,RB_CTB_BAND,LQD,0.5682298886831695
2024-10-31,RB_CTB_BAND,VNQ,0.5417908434131201
2024-10-31,RB_CTB_BAND,GLD,0.4594375828259291
2024-10-31,RB_CTB_BAND,DBC,0.5129176915922535
2024-11-29,ERC,SPY,0.5628357019868564
2024-11-29,ERC,VEA,0.5476925050885663
2024-11-29,ERC,EEM,0.5676396009602566
2024-11-29,ERC,IEF,0.4954720490209437
2024-11-29,ERC,TLT,0.4990712246044857
2024-11-29,ERC,TIP,0.4934324144017731
2024-11-29,ERC,LQD,0.5710325806811168
2024-11-29,ERC,VNQ,0.5463836962508926
2024-11-29,ERC,GLD,0.46326624109765147
2024-11-29,ERC,DBC,0.51021871674064
2024-11-29,CTB_ONLY,SPY,0.5196970882864526
2024-11-29,CTB_ONLY,VEA,0.5206835117787723
2024-11-29,CTB_ONLY,EEM,0.5209053425680947
2024-11-29,CTB_ONLY,IEF,0.5188824866590583
2024-11-29,CTB_ONLY,TLT,0.5187793485923566
2024-11-29,CTB_ONLY,TIP,0.5231594891209909
2024-11-29,CTB_ONLY,LQD,0.5210913713683321
2024-11-29,CTB_ONLY,VNQ,0.5206040714184177
2024-11-29,CTB_ONLY,GLD,0.5206143869488316
2024-11-29,CTB_ONLY,DBC,0.5205549071762016
2024-11-29,RB_CTB_BAND,SPY,0.562753021544176
2024-11-29,RB_CTB_BAND,VEA,0.5472556689221969
2024-11-29,RB_CTB_BAND,EEM,0.5675811013281781
2024-11-29,RB_CTB_BAND,IEF,0.49558212470348634
2024-11-29,RB_CTB_BAND,TLT,0.49948218829527
2024-11-29,RB_CTB_BAND,TIP,0.49422338801813465
2024-11-29,RB_CTB_BAND,LQD,0.572977612030425
2024-11-29,RB_CTB_BAND,VNQ,0.5465206527595287
2024-11-29,RB_CTB_BAND,GLD,0.46141597713151916
2024-11-29,RB_CTB_BAND,DBC,0.5095490244377097
