date,strategy,asset,ctr
2018-11-30,ERC,SPY,0.09999997647840352
2018-11-30,ERC,VEA,0.09999996510234106
2018-11-30,ERC,EEM,0.09999965105262952
2018-11-30,ERC,IEF,0.09999996424766149
2018-11-30,ERC,TLT,0.1000000975738311
2018-11-30,ERC,TIP,0.09999980704437729
2018-11-30,ERC,LQD,0.10000042999564353
2018-11-30,ERC,VNQ,0.10000011556881618
2018-11-30,ERC,GLD,0.1000001516345812
2018-11-30,ERC,DBC,0.09999984130171523
2018-11-30,CTB_ONLY,SPY,0.087198050469188
2018-11-30,CTB_ONLY,VEA,0.06182803805854276
2018-11-30,CTB_ONLY,EEM,0.10320801040234476
2018-11-30,CTB_ONLY,IEF,0.08288073075642088
2018-11-30,CTB_ONLY,TLT,0.10669499016916971
2018-11-30,CTB_ONLY,TIP,0.13396337924542692
2018-11-30,CTB_ONLY,LQD,0.09404642697688843
2018-11-30,CTB_ONLY,VNQ,0.11083343491193626
2018-11-30,CTB_ONLY,GLD,0.11863695079164266
2018-11-30,CTB_ONLY,DBC,0.10070998821843961
2018-11-30,RB_CTB_BAND,SPY,0.09999997639387842
2018-11-30,RB_CTB_BAND,VEA,0.0999999650171676
2018-11-30,RB_CTB_BAND,EEM,0.09999965096000163
2018-11-30,RB_CTB_BAND,IEF,0.09999996431707883
2018-11-30,RB_CTB_BAND,TLT,0.10000009770381585
2018-11-30,RB_CTB_BAND,TIP,0.09999980755382398
2018-11-30,RB_CTB_BAND,LQD,0.10000042991384948
2018-11-30,RB_CTB_BAND,VNQ,0.10000011545143125
2018-11-30,RB_CTB_BAND,GLD,0.10000015151846804
2018-11-30,RB_CTB_BAND,DBC,0.09999984117048477
2018-12-31,ERC,SPY,0.09999996795794816
2018-12-31,ERC,VEA,0.09999996903592552
2018-12-31,ERC,EEM,0.09999963744846493
2018-12-31,ERC,IEF,0.09999999043729628
2018-12-31,ERC,TLT,0.10000008930404977
2018-12-31,ERC,TIP,0.0999997922533075
2018-12-31,ERC,LQD,0.10000043614781723
2018-12-31,ERC,VNQ,0.10000011161277331
2018-12-31,ERC,GLD,0.10000015647599131
2018-12-31,ERC,DBC,0.0999998493264262
2018-12-31,CTB_ONLY,SPY,0.08843117399838953
2018-12-31,CTB_ONLY,VEA,0.06663682310774252
2018-12-31,CTB_ONLY,EEM,0.09454622215133694
2018-12-31,CTB_ONLY,IEF,0.07981828195689963
2018-12-31,CTB_ONLY,TLT,0.11007004270606449
2018-12-31,CTB_ONLY,TIP,0.13418484099689182
2018-12-31,CTB_ONLY,LQD,0.09656042847327
2018-12-31,CTB_ONLY,VNQ,0.11078022739386462
2018-12-31,CTB_ONLY,GLD,0.11875362821166725
2018-12-31,CTB_ONLY,DBC,0.10021833100387331
2018-12-31,RB_CTB_BAND,SPY,0.10053774457260815
2018-12-31,RB_CTB_BAND,VEA,0.09999047094595788
2018-12-31,RB_CTB_BAND,EEM,0.10059423971904417
2018-12-31,RB_CTB_BAND,IEF,0.10045561566958873
2018-12-31,RB_CTB_BAND,TLT,0.09894695508342392
2018-12-31,RB_CTB_BAND,TIP,0.09917128307536095
2018-12-31,RB_CTB_BAND,LQD,0.09943285063928063
2018-12-31,RB_CTB_BAND,VNQ,0.10057721878320057
2018-12-31,RB_CTB_BAND,GLD,0.10029402415771084
2018-12-31,RB_CTB_BAND,DBC,0.09999959735382409
2019-01-31,ERC,SPY,0.09999996127335184
2019-01-31,ERC,VEA,0.0999999678818092
2019-01-31,ERC,EEM,0.0999996296048488
2019-01-31,ERC,IEF,0.09999997022195659
2019-01-31,ERC,TLT,0.10000009193935287
2019-01-31,ERC,TIP,0.09999979781055503
2019-01-31,ERC,LQD,0.10000044412032047
2019-01-31,ERC,VNQ,0.10000011770557964
2019-01-31,ERC,GLD,0.10000015599677242
2019-01-31,ERC,DBC,0.09999986344545328
2019-01-31,CTB_ONLY,SPY,0.08265133372888457
2019-01-31,CTB_ONLY,VEA,0.06617955511763057
2019-01-31,CTB_ONLY,EEM,0.09802043142484752
2019-01-31,CTB_ONLY,IEF,0.07947545233611676
2019-01-31,CTB_ONLY,TLT,0.11059951674957624
2019-01-31,CTB_ONLY,TIP,0.13535930762589332
2019-01-31,CTB_ONLY,LQD,0.09565777152949424
2019-01-31,CTB_ONLY,VNQ,0.10837652587073354
2019-01-31,CTB_ONLY,GLD,0.11976119831239093
2019-01-31,CTB_ONLY,DBC,0.10391890730443216
2019-01-31,RB_CTB_BAND,SPY,0.10078040178765421
2019-01-31,RB_CTB_BAND,VEA,0.10022840509503993
2019-01-31,RB_CTB_BAND,EEM,0.10018325682121343
2019-01-31,RB_CTB_BAND,IEF,0.09974079724271093
2019-01-31,RB_CTB_BAND,TLT,0.09991275502645404
2019-01-31,RB_CTB_BAND,TIP,0.09972529622486226
2019-01-31,RB_CTB_BAND,LQD,0.09941754243105268
2019-01-31,RB_CTB_BAND,VNQ,0.10044451575750621
2019-01-31,RB_CTB_BAND,GLD,0.10009035783788688
2019-01-31,RB_CTB_BAND,DBC,0.09947667177561956
2019-02-28,ERC,SPY,0.09999997057665382
2019-02-28,ERC,VEA,0.09999997008881863
2019-02-28,ERC,EEM,0.09999964355965779
2019-02-28,ERC,IEF,0.09999994956190887
2019-02-28,ERC,TLT,0.1000000977712879
2019-02-28,ERC,TIP,0.09999982929736384
2019-02-28,ERC,LQD,0.10000041457127404
2019-02-28,ERC,VNQ,0.10000011737273654
2019-02-28,ERC,GLD,0.10000015797752003
2019-02-28,ERC,DBC,0.09999984922277866
2019-02-28,CTB_ONLY,SPY,0.08013997405320317
2019-02-28,CTB_ONLY,VEA,0.07427671430575697
2019-02-28,CTB_ONLY,EEM,0.09520694957852859
2019-02-28,CTB_ONLY,IEF,0.07955902679545158
2019-02-28,CTB_ONLY,TLT,0.10689184417149407
2019-02-28,CTB_ONLY,TIP,0.13596803808691182
2019-02-28,CTB_ONLY,LQD,0.09924961260802115
2019-02-28,CTB_ONLY,VNQ,0.10873867004474849
2019-02-28,CTB_ONLY,GLD,0.12257195006867802
2019-02-28,CTB_ONLY,DBC,0.09739722028720631
2019-02-28,RB_CTB_BAND,SPY,0.099877941629118
2019-02-28,RB_CTB_BAND,VEA,0.09953551764397238
2019-02-28,RB_CTB_BAND,EEM,0.1000236329129492
2019-02-28,RB_CTB_BAND,IEF,0.10004283335726516
2019-02-28,RB_CTB_BAND,TLT,0.10138612814195684
2019-02-28,RB_CTB_BAND,TIP,0.10196862648004087
2019-02-28,RB_CTB_BAND,LQD,0.09798494235222652
2019-02-28,RB_CTB_BAND,VNQ,0.09990016309225921
2019-02-28,RB_CTB_BAND,GLD,0.09872277948767312
2019-02-28,RB_CTB_BAND,DBC,0.1005574349025388
2019-03-29,ERC,SPY,0.09999996927338245
2019-03-29,ERC,VEA,0.09999996286000193
2019-03-29,ERC,EEM,0.09999964952811408
2019-03-29,ERC,IEF,0.09999992913390106
2019-03-29,ERC,TLT,0.10000009685702009
2019-03-29,ERC,TIP,0.09999984854749287
2019-03-29,ERC,LQD,0.10000041593926519
2019-03-29,ERC,VNQ,0.10000011430747872
2019-03-29,ERC,GLD,0.10000015890442811
2019-03-29,ERC,DBC,0.09999985464891557
2019-03-29,CTB_ONLY,SPY,0.0775694436864369
2019-03-29,CTB_ONLY,VEA,0.07477064642676898
2019-03-29,CTB_ONLY,EEM,0.09577251203467087
2019-03-29,CTB_ONLY,IEF,0.09719586270415918
2019-03-29,CTB_ONLY,TLT,0.10101749084303725
2019-03-29,CTB_ONLY,TIP,0.12395127883955459
2019-03-29,CTB_ONLY,LQD,0.0991217923658395
2019-03-29,CTB_ONLY,VNQ,0.10641437644265236
2019-03-29,CTB_ONLY,GLD,0.12689662179613287
2019-03-29,CTB_ONLY,DBC,0.09728997486074753
2019-03-29,RB_CTB_BAND,SPY,0.10024896881450575
2019-03-29,RB_CTB_BAND,VEA,0.10030974559624564
2019-03-29,RB_CTB_BAND,EEM,0.10011460861647431
2019-03-29,RB_CTB_BAND,IEF,0.0989935942213455
2019-03-29,RB_CTB_BAND,TLT,0.10083651019774391
2019-03-29,RB_CTB_BAND,TIP,0.10188016722923815
2019-03-29,RB_CTB_BAND,LQD,0.09860463340868422
2019-03-29,RB_CTB_BAND,VNQ,0.1004396611172234
2019-03-29,RB_CTB_BAND,GLD,0.09863650653751664
2019-03-29,RB_CTB_BAND,DBC,0.09993560426102248
2019-04-30,ERC,SPY,0.0999999751626078
2019-04-30,ERC,VEA,0.09999997207807769
2019-04-30,ERC,EEM,0.09999963964104187
2019-04-30,ERC,IEF,0.09999993795080792
2019-04-30,ERC,TLT,0.10000009539411323
2019-04-30,ERC,TIP,0.09999983947597114
2019-04-30,ERC,LQD,0.10000041390616414
2019-04-30,ERC,VNQ,0.10000011157600562
2019-04-30,ERC,GLD,0.10000016372584088
2019-04-30,ERC,DBC,0.09999985108936948
2019-04-30,CTB_ONLY,SPY,0.07720448871072971
2019-04-30,CTB_ONLY,VEA,0.07330907060127366
2019-04-30,CTB_ONLY,EEM,0.09723421932585817
2019-04-30,CTB_ONLY,IEF,0.09789900547131102
2019-04-30,CTB_ONLY,TLT,0.1020898987266253
2019-04-30,CTB_ONLY,TIP,0.12369755668517708
2019-04-30,CTB_ONLY,LQD,0.10033481477834613
2019-04-30,CTB_ONLY,VNQ,0.10476715100180062
2019-04-30,CTB_ONLY,GLD,0.12512940938363412
2019-04-30,CTB_ONLY,DBC,0.09833438531524431
2019-04-30,RB_CTB_BAND,SPY,0.10010064355276055
2019-04-30,RB_CTB_BAND,VEA,0.10011795696695235
2019-04-30,RB_CTB_BAND,EEM,0.10033095195982485
2019-04-30,RB_CTB_BAND,IEF,0.09919675968343003
2019-04-30,RB_CTB_BAND,TLT,0.09984062269126659
2019-04-30,RB_CTB_BAND,TIP,0.10073116331471732
2019-04-30,RB_CTB_BAND,LQD,0.09918976210618038
2019-04-30,RB_CTB_BAND,VNQ,0.10079015039043077
2019-04-30,RB_CTB_BAND,GLD,0.09951944171700321
2019-04-30,RB_CTB_BAND,DBC,0.10018254761743406
2019-05-31,ERC,SPY,0.09999997179585919
2019-05-31,ERC,VEA,0.09999996425874423
2019-05-31,ERC,EEM,0.09999964381209808
2019-05-31,ERC,IEF,0.09999993871569951
2019-05-31,ERC,TLT,0.10000009333246958
2019-05-31,ERC,TIP,0.09999984253383194
2019-05-31,ERC,LQD,0.10000039912493328
2019-05-31,ERC,VNQ,0.10000011465386704
2019-05-31,ERC,GLD,0.10000016665769693
2019-05-31,ERC,DBC,0.09999986511480005
2019-05-31,CTB_ONLY,SPY,0.0711846771059331
2019-05-31,CTB_ONLY,VEA,0.0797531976892569
2019-05-31,CTB_ONLY,EEM,0.09050303462946753
2019-05-31,CTB_ONLY,IEF,0.09671594609743778
2019-05-31,CTB_ONLY,TLT,0.1018537916992388
2019-05-31,CTB_ONLY,TIP,0.12339414075545987
2019-05-31,CTB_ONLY,LQD,0.10637512835962538
2019-05-31,CTB_ONLY,VNQ,0.10502279424278947
2019-05-31,CTB_ONLY,GLD,0.12542191509643075
2019-05-31,CTB_ONLY,DBC,0.09977537432436032
2019-05-31,RB_CTB_BAND,SPY,0.10049767366515973
2019-05-31,RB_CTB_BAND,VEA,0.10018783771782235
2019-05-31,RB_CTB_BAND,EEM,0.10041794094058261
2019-05-31,RB_CTB_BAND,IEF,0.09983350124246004
2019-05-31,RB_CTB_BAND,TLT,0.10048030629622885
2019-05-31,RB_CTB_BAND,TIP,0.10128936560539319
2019-05-31,RB_CTB_BAND,LQD,0.09787481468509361
2019-05-31,RB_CTB_BAND,VNQ,0.09996725921219358
2019-05-31,RB_CTB_BAND,GLD,0.09983311449798081
2019-05-31,RB_CTB_BAND,DBC,0.09961818613708497
2019-06-28,ERC,SPY,0.09999995591879601
2019-06-28,ERC,VEA,0.09999995834273154
2019-06-28,ERC,EEM,0.09999964868145017
2019-06-28,ERC,IEF,0.09999992982189532
2019-06-28,ERC,TLT,0.10000010522492318
2019-06-28,ERC,TIP,0.09999985080170531
2019-06-28,ERC,LQD,0.10000040700832327
2019-06-28,ERC,VNQ,0.10000011733728453
2019-06-28,ERC,GLD,0.10000017332608058
2019-06-28,ERC,DBC,0.09999985353681018
2019-06-28,CTB_ONLY,SPY,0.06307082690492963
2019-06-28,CTB_ONLY,VEA,0.07708766750695242
2019-06-28,CTB_ONLY,EEM,0.09529487164607872
2019-06-28,CTB_ONLY,IEF,0.0963976311615001
2019-06-28,CTB_ONLY,TLT,0.10391749630316811
2019-06-28,CTB_ONLY,TIP,0.12243917853168522
2019-06-28,CTB_ONLY,LQD,0.11260701123722675
2019-06-28,CTB_ONLY,VNQ,0.10530579912349015
2019-06-28,CTB_ONLY,GLD,0.12821479061583976
2019-06-28,CTB_ONLY,DBC,0.09566472696912924
2019-06-28,RB_CTB_BAND,SPY,0.10134432462722093
2019-06-28,RB_CTB_BAND,VEA,0.10090613459761517
2019-06-28,RB_CTB_BAND,EEM,0.1001757777303085
2019-06-28,RB_CTB_BAND,IEF,0.09833288314399512
2019-06-28,RB_CTB_BAND,TLT,0.0995060624346039
2019-06-28,RB_CTB_BAND,TIP,0.10015982239460325
2019-06-28,RB_CTB_BAND,LQD,0.09789311161777876
2019-06-28,RB_CTB_BAND,VNQ,0.10066169359569976
2019-06-28,RB_CTB_BAND,GLD,0.10011194456132196
2019-06-28,RB_CTB_BAND,DBC,0.10090824529685267
2019-07-31,ERC,SPY,0.09999994439405906
2019-07-31,ERC,VEA,0.09999995549680571
2019-07-31,ERC,EEM,0.09999962597406001
2019-07-31,ERC,IEF,0.09999996815689105
2019-07-31,ERC,TLT,0.10000008481635395
2019-07-31,ERC,TIP,0.09999981106400907
2019-07-31,ERC,LQD,0.10000044300057077
2019-07-31,ERC,VNQ,0.10000012012744054
2019-07-31,ERC,GLD,0.10000018162941082
2019-07-31,ERC,DBC,0.09999986534039891
2019-07-31,CTB_ONLY,SPY,0.057528459466900196
2019-07-31,CTB_ONLY,VEA,0.08422316572432743
2019-07-31,CTB_ONLY,EEM,0.09759118294177302
2019-07-31,CTB_ONLY,IEF,0.08103770931333848
2019-07-31,CTB_ONLY,TLT,0.12096726743852046
2019-07-31,CTB_ONLY,TIP,0.12486208723032373
2019-07-31,CTB_ONLY,LQD,0.10751621087067438
2019-07-31,CTB_ONLY,VNQ,0.10048265662395828
2019-07-31,CTB_ONLY,GLD,0.12253639796742918
2019-07-31,CTB_ONLY,DBC,0.10325486242275486
2019-07-31,RB_CTB_BAND,SPY,0.10084567158725982
2019-07-31,RB_CTB_BAND,VEA,0.1002727822266237
2019-07-31,RB_CTB_BAND,EEM,0.10008528474801398
2019-07-31,RB_CTB_BAND,IEF,0.09949092482376122
2019-07-31,RB_CTB_BAND,TLT,0.09874934695337476
2019-07-31,RB_CTB_BAND,TIP,0.09827940241219538
2019-07-31,RB_CTB_BAND,LQD,0.1005695737935375
2019-07-31,RB_CTB_BAND,VNQ,0.10082249878006909
2019-07-31,RB_CTB_BAND,GLD,0.10133273744201524
2019-07-31,RB_CTB_BAND,DBC,0.09955177723314947
2019-08-30,ERC,SPY,0.09999994585078684
2019-08-30,ERC,VEA,0.0999999505194985
2019-08-30,ERC,EEM,0.09999964909697061
2019-08-30,ERC,IEF,0.09999993357961828
2019-08-30,ERC,TLT,0.10000009599670857
2019-08-30,ERC,TIP,0.09999983085711839
2019-08-30,ERC,LQD,0.10000044422163104
2019-08-30,ERC,VNQ,0.10000010515481203
2019-08-30,ERC,GLD,0.10000017906476887
2019-08-30,ERC,DBC,0.09999986565808676
2019-08-30,CTB_ONLY,SPY,0.07028667173812052
2019-08-30,CTB_ONLY,VEA,0.07608025993540105
2019-08-30,CTB_ONLY,EEM,0.09503989444186951
2019-08-30,CTB_ONLY,IEF,0.09455100151948016
2019-08-30,CTB_ONLY,TLT,0.11493632715487989
2019-08-30,CTB_ONLY,TIP,0.11909289366520402
2019-08-30,CTB_ONLY,LQD,0.10352685106778563
2019-08-30,CTB_ONLY,VNQ,0.09784289220279227
2019-08-30,CTB_ONLY,GLD,0.12730984297917297
2019-08-30,CTB_ONLY,DBC,0.10133336529529416
2019-08-30,RB_CTB_BAND,SPY,0.09980804608961241
2019-08-30,RB_CTB_BAND,VEA,0.10016292215207713
2019-08-30,RB_CTB_BAND,EEM,0.09951072634944394
2019-08-30,RB_CTB_BAND,IEF,0.09866283889237765
2019-08-30,RB_CTB_BAND,TLT,0.09957089690455057
2019-08-30,RB_CTB_BAND,TIP,0.09955611838218856
2019-08-30,RB_CTB_BAND,LQD,0.10113963511512866
2019-08-30,RB_CTB_BAND,VNQ,0.10157356549308195
2019-08-30,RB_CTB_BAND,GLD,0.09988548402894663
2019-08-30,RB_CTB_BAND,DBC,0.10012976659259243
2019-09-30,ERC,SPY,0.09999994648500352
2019-09-30,ERC,VEA,0.09999994353223968
2019-09-30,ERC,EEM,0.09999964540116416
2019-09-30,ERC,IEF,0.0999999423600025
2019-09-30,ERC,TLT,0.10000008571790074
2019-09-30,ERC,TIP,0.09999983905575435
2019-09-30,ERC,LQD,0.10000044156628408
2019-09-30,ERC,VNQ,0.10000011186440737
2019-09-30,ERC,GLD,0.10000018007566469
2019-09-30,ERC,DBC,0.09999986394157902
2019-09-30,CTB_ONLY,SPY,0.07228722576475442
2019-09-30,CTB_ONLY,VEA,0.07863997719359571
2019-09-30,CTB_ONLY,EEM,0.0851539374863069
2019-09-30,CTB_ONLY,IEF,0.09341234444734002
2019-09-30,CTB_ONLY,TLT,0.11501257812431491
2019-09-30,CTB_ONLY,TIP,0.11822967578149299
2019-09-30,CTB_ONLY,LQD,0.10615101196427686
2019-09-30,CTB_ONLY,VNQ,0.0977228130601443
2019-09-30,CTB_ONLY,GLD,0.12922745811754568
2019-09-30,CTB_ONLY,DBC,0.10416297806022813
2019-09-30,RB_CTB_BAND,SPY,0.0998275040814584
2019-09-30,RB_CTB_BAND,VEA,0.10018565957150136
2019-09-30,RB_CTB_BAND,EEM,0.10017987995507073
2019-09-30,RB_CTB_BAND,IEF,0.09954931899273495
2019-09-30,RB_CTB_BAND,TLT,0.09964807405315858
2019-09-30,RB_CTB_BAND,TIP,0.10017548019860538
2019-09-30,RB_CTB_BAND,LQD,0.10050218067062343
2019-09-30,RB_CTB_BAND,VNQ,0.10031240708627137
2019-09-30,RB_CTB_BAND,GLD,0.09970299804288499
2019-09-30,RB_CTB_BAND,DBC,0.09991649734769102
2019-10-31,ERC,SPY,0.09999995274631251
2019-10-31,ERC,VEA,0.0999999624995492
2019-10-31,ERC,EEM,0.09999964859851812
2019-10-31,ERC,IEF,0.0999999198671081
2019-10-31,ERC,TLT,0.10000008648020302
2019-10-31,ERC,TIP,0.0999998821353618
2019-10-31,ERC,LQD,0.10000041370560717
2019-10-31,ERC,VNQ,0.10000010526238134
2019-10-31,ERC,GLD,0.10000017654375534
2019-10-31,ERC,DBC,0.09999985216120333
2019-10-31,CTB_ONLY,SPY,0.0709310429850394
2019-10-31,CTB_ONLY,VEA,0.07841021802792979
2019-10-31,CTB_ONLY,EEM,0.08034545498625968
2019-10-31,CTB_ONLY,IEF,0.0979652960521348
2019-10-31,CTB_ONLY,TLT,0.11579063538759042
2019-10-31,CTB_ONLY,TIP,0.10585171619075896
2019-10-31,CTB_ONLY,LQD,0.1128030901491193
2019-10-31,CTB_ONLY,VNQ,0.10491403757379421
2019-10-31,CTB_ONLY,GLD,0.1312948133284808
2019-10-31,CTB_ONLY,DBC,0.10169369531889266
2019-10-31,RB_CTB_BAND,SPY,0.09971564101113796
2019-10-31,RB_CTB_BAND,VEA,0.09947935250684785
2019-10-31,RB_CTB_BAND,EEM,0.10016924638565812
2019-10-31,RB_CTB_BAND,IEF,0.09971563718395458
2019-10-31,RB_CTB_BAND,TLT,0.10095260902552712
2019-10-31,RB_CTB_BAND,TIP,0.10261929832883444
2019-10-31,RB_CTB_BAND,LQD,0.0981075381462882
2019-10-31,RB_CTB_BAND,VNQ,0.09923960489141119
2019-10-31,RB_CTB_BAND,GLD,0.09968242375886179
2019-10-31,RB_CTB_BAND,DBC,0.10031864876147858
2019-11-29,ERC,SPY,0.09999994276215729
2019-11-29,ERC,VEA,0.099999972239258
2019-11-29,ERC,EEM,0.09999964628053366
2019-11-29,ERC,IEF,0.09999993947118553
2019-11-29,ERC,TLT,0.10000008950596698
2019-11-29,ERC,TIP,0.09999986790695137
2019-11-29,ERC,LQD,0.10000041300575334
2019-11-29,ERC,VNQ,0.10000010562549069
2019-11-29,ERC,GLD,0.10000017778895949
2019-11-29,ERC,DBC,0.09999984541374375
2019-11-29,CTB_ONLY,SPY,0.06742121657388037
2019-11-29,CTB_ONLY,VEA,0.08117446807130774
2019-11-29,CTB_ONLY,EEM,0.07955739557201906
2019-11-29,CTB_ONLY,IEF,0.09753777388839727
2019-11-29,CTB_ONLY,TLT,0.11408185015862664
2019-11-29,CTB_ONLY,TIP,0.10630533678437727
2019-11-29,CTB_ONLY,LQD,0.11455670571216499
2019-11-29,CTB_ONLY,VNQ,0.10511261478956356
2019-11-29,CTB_ONLY,GLD,0.13212707312412791
2019-11-29,CTB_ONLY,DBC,0.1021255653255351
2019-11-29,RB_CTB_BAND,SPY,0.10050284155258112
2019-11-29,RB_CTB_BAND,VEA,0.09967120686300028
2019-11-29,RB_CTB_BAND,EEM,0.10035873853895917
2019-11-29,RB_CTB_BAND,IEF,0.10001771767694946
2019-11-29,RB_CTB_BAND,TLT,0.10052535973128382
2019-11-29,RB_CTB_BAND,TIP,0.10123470697889042
2019-11-29,RB_CTB_BAND,LQD,0.09817273015294026
2019-11-29,RB_CTB_BAND,VNQ,0.09984615437203402
2019-11-29,RB_CTB_BAND,GLD,0.09947105108625257
2019-11-29,RB_CTB_BAND,DBC,0.10019949304710886
2019-12-31,ERC,SPY,0.0999999301855191
2019-12-31,ERC,VEA,0.09999997158581088
2019-12-31,ERC,EEM,0.09999963482764665
2019-12-31,ERC,IEF,0.09999993471102513
2019-12-31,ERC,TLT,0.10000008829515415
2019-12-31,ERC,TIP,0.09999987864205305
2019-12-31,ERC,LQD,0.10000043113998816
2019-12-31,ERC,VNQ,0.10000011002705102
2019-12-31,ERC,GLD,0.10000018138641828
2019-12-31,ERC,DBC,0.0999998391993337
2019-12-31,CTB_ONLY,SPY,0.05778111787081832
2019-12-31,CTB_ONLY,VEA,0.08029738029495953
2019-12-31,CTB_ONLY,EEM,0.08838013557402427
2019-12-31,CTB_ONLY,IEF,0.09553891089529049
2019-12-31,CTB_ONLY,TLT,0.11365974689153198
2019-12-31,CTB_ONLY,TIP,0.10932049904635498
2019-12-31,CTB_ONLY,LQD,0.11618072924568972
2019-12-31,CTB_ONLY,VNQ,0.09299748568071807
2019-12-31,CTB_ONLY,GLD,0.14252948243724736
2019-12-31,CTB_ONLY,DBC,0.1033145120633653
2019-12-31,RB_CTB_BAND,SPY,0.10099106182583138
2019-12-31,RB_CTB_BAND,VEA,0.10036764571397974
2019-12-31,RB_CTB_BAND,EEM,0.10033167133138185
2019-12-31,RB_CTB_BAND,IEF,0.09930170331353802
2019-12-31,RB_CTB_BAND,TLT,0.09990372546173934
2019-12-31,RB_CTB_BAND,TIP,0.10067305454945133
2019-12-31,RB_CTB_BAND,LQD,0.09879940383371502
2019-12-31,RB_CTB_BAND,VNQ,0.1015453469992039
2019-12-31,RB_CTB_BAND,GLD,0.09762152906984435
2019-12-31,RB_CTB_BAND,DBC,0.10046485790131512
2020-01-31,ERC,SPY,0.09999992976164142
2020-01-31,ERC,VEA,0.09999996823922455
2020-01-31,ERC,EEM,0.09999963125724202
2020-01-31,ERC,IEF,0.09999992898037462
2020-01-31,ERC,TLT,0.1000000906303628
2020-01-31,ERC,TIP,0.09999986610874191
2020-01-31,ERC,LQD,0.10000044444736342
2020-01-31,ERC,VNQ,0.10000010960353449
2020-01-31,ERC,GLD,0.10000019248642393
2020-01-31,ERC,DBC,0.09999983848509071
2020-01-31,CTB_ONLY,SPY,0.052874582534495077
2020-01-31,CTB_ONLY,VEA,0.09069410403623303
2020-01-31,CTB_ONLY,EEM,0.09117896537901603
2020-01-31,CTB_ONLY,IEF,0.09550237057121601
2020-01-31,CTB_ONLY,TLT,0.11795423466772094
2020-01-31,CTB_ONLY,TIP,0.10933280645641523
2020-01-31,CTB_ONLY,LQD,0.10886401700871892
2020-01-31,CTB_ONLY,VNQ,0.09242155593808994
2020-01-31,CTB_ONLY,GLD,0.13568138850755831
2020-01-31,CTB_ONLY,DBC,0.10549597490053661
2020-01-31,RB_CTB_BAND,SPY,0.10038741640369306
2020-01-31,RB_CTB_BAND,VEA,0.0998785788141898
2020-01-31,RB_CTB_BAND,EEM,0.09990032906877168
2020-01-31,RB_CTB_BAND,IEF,0.09938491184136479
2020-01-31,RB_CTB_BAND,TLT,0.09923994887898721
2020-01-31,RB_CTB_BAND,TIP,0.10011975988137627
2020-01-31,RB_CTB_BAND,LQD,0.10130920226309245
2020-01-31,RB_CTB_BAND,VNQ,0.10052207102089696
2020-01-31,RB_CTB_BAND,GLD,0.0993770191796532
2020-01-31,RB_CTB_BAND,DBC,0.0998807626479745
2020-02-28,ERC,SPY,0.09999993208994874
2020-02-28,ERC,VEA,0.09999995622689305
2020-02-28,ERC,EEM,0.09999962056652117
2020-02-28,ERC,IEF,0.09999992258059401
2020-02-28,ERC,TLT,0.10000007909151987
2020-02-28,ERC,TIP,0.09999988619482615
2020-02-28,ERC,LQD,0.10000044553441362
2020-02-28,ERC,VNQ,0.10000011647013418
2020-02-28,ERC,GLD,0.1000001991395308
2020-02-28,ERC,DBC,0.09999984210561853
2020-02-28,CTB_ONLY,SPY,0.05070579019661241
2020-02-28,CTB_ONLY,VEA,0.08941180129422553
2020-02-28,CTB_ONLY,EEM,0.09527346864294221
2020-02-28,CTB_ONLY,IEF,0.0967554134259113
2020-02-28,CTB_ONLY,TLT,0.11788928485605416
2020-02-28,CTB_ONLY,TIP,0.10899728338844317
2020-02-28,CTB_ONLY,LQD,0.11131452908220037
2020-02-28,CTB_ONLY,VNQ,0.09447121940414029
2020-02-28,CTB_ONLY,GLD,0.13605908137040829
2020-02-28,CTB_ONLY,DBC,0.09912212833906225
2020-02-28,RB_CTB_BAND,SPY,0.10023264504940174
2020-02-28,RB_CTB_BAND,VEA,0.10043426474488747
2020-02-28,RB_CTB_BAND,EEM,0.10009685670772432
2020-02-28,RB_CTB_BAND,IEF,0.09977649677433785
2020-02-28,RB_CTB_BAND,TLT,0.10026085711466502
2020-02-28,RB_CTB_BAND,TIP,0.10102435242712764
2020-02-28,RB_CTB_BAND,LQD,0.098910963279761
2020-02-28,RB_CTB_BAND,VNQ,0.09987423625863878
2020-02-28,RB_CTB_BAND,GLD,0.09911026221121202
2020-02-28,RB_CTB_BAND,DBC,0.10027906543224424
2020-03-31,ERC,SPY,0.09999992999499997
2020-03-31,ERC,VEA,0.09999996047414944
2020-03-31,ERC,EEM,0.09999961585043828
2020-03-31,ERC,IEF,0.09999991433661419
2020-03-31,ERC,TLT,0.10000007872835799
2020-03-31,ERC,TIP,0.09999988890188644
2020-03-31,ERC,LQD,0.10000045354758574
2020-03-31,ERC,VNQ,0.10000010198487524
2020-03-31,ERC,GLD,0.10000020517661187
2020-03-31,ERC,DBC,0.09999985100448089
2020-03-31,CTB_ONLY,SPY,0.04672758741942158
2020-03-31,CTB_ONLY,VEA,0.0849654243422034
2020-03-31,CTB_ONLY,EEM,0.10402768096840719
2020-03-31,CTB_ONLY,IEF,0.10299271063607478
2020-03-31,CTB_ONLY,TLT,0.11941766163583639
2020-03-31,CTB_ONLY,TIP,0.10127243874680322
2020-03-31,CTB_ONLY,LQD,0.10831626357016459
2020-03-31,CTB_ONLY,VNQ,0.09360018765561202
2020-03-31,CTB_ONLY,GLD,0.13343295881089925
2020-03-31,CTB_ONLY,DBC,0.1052470862145775
2020-03-31,RB_CTB_BAND,SPY,0.1002035991172749
2020-03-31,RB_CTB_BAND,VEA,0.10004454749175022
2020-03-31,RB_CTB_BAND,EEM,0.09998674419851529
2020-03-31,RB_CTB_BAND,IEF,0.0995017171594444
2020-03-31,RB_CTB_BAND,TLT,0.09997903880359686
2020-03-31,RB_CTB_BAND,TIP,0.10090460065678122
2020-03-31,RB_CTB_BAND,LQD,0.10022194731740136
2020-03-31,RB_CTB_BAND,VNQ,0.10044191425465215
2020-03-31,RB_CTB_BAND,GLD,0.09949466975203607
2020-03-31,RB_CTB_BAND,DBC,0.09922122124854753
2020-04-30,ERC,SPY,0.09999993613911305
2020-04-30,ERC,VEA,0.09999996342349883
2020-04-30,ERC,EEM,0.09999962605872721
2020-04-30,ERC,IEF,0.09999991654447495
2020-04-30,ERC,TLT,0.10000008072566027
2020-04-30,ERC,TIP,0.09999988844398916
2020-04-30,ERC,LQD,0.10000044708384387
2020-04-30,ERC,VNQ,0.10000009594332095
2020-04-30,ERC,GLD,0.10000020005119392
2020-04-30,ERC,DBC,0.09999984558617778
2020-04-30,CTB_ONLY,SPY,0.047426316030065245
2020-04-30,CTB_ONLY,VEA,0.0859034900101146
2020-04-30,CTB_ONLY,EEM,0.10118295635795582
2020-04-30,CTB_ONLY,IEF,0.10251163041232372
2020-04-30,CTB_ONLY,TLT,0.11840759411618981
2020-04-30,CTB_ONLY,TIP,0.10061261002030546
2020-04-30,CTB_ONLY,LQD,0.10706138259042919
2020-04-30,CTB_ONLY,VNQ,0.09206453201987781
2020-04-30,CTB_ONLY,GLD,0.13374051768910328
2020-04-30,CTB_ONLY,DBC,0.111088970753635
2020-04-30,RB_CTB_BAND,SPY,0.09980627047289797
2020-04-30,RB_CTB_BAND,VEA,0.09972502243299725
2020-04-30,RB_CTB_BAND,EEM,0.09994729324910012
2020-04-30,RB_CTB_BAND,IEF,0.10000127603469476
2020-04-30,RB_CTB_BAND,TLT,0.10027076253608183
2020-04-30,RB_CTB_BAND,TIP,0.10103086441638355
2020-04-30,RB_CTB_BAND,LQD,0.10001566036457814
2020-04-30,RB_CTB_BAND,VNQ,0.10034801218896944
2020-04-30,RB_CTB_BAND,GLD,0.09945916525802634
2020-04-30,RB_CTB_BAND,DBC,0.09939567304627064
2020-05-29,ERC,SPY,0.09999993714268657
2020-05-29,ERC,VEA,0.09999996728160183
2020-05-29,ERC,EEM,0.09999962724080168
2020-05-29,ERC,IEF,0.09999990820055965
2020-05-29,ERC,TLT,0.10000008553800206
2020-05-29,ERC,TIP,0.09999990863815758
2020-05-29,ERC,LQD,0.10000045016135962
2020-05-29,ERC,VNQ,0.10000008955928008
2020-05-29,ERC,GLD,0.10000019037087497
2020-05-29,ERC,DBC,0.09999983586667598
2020-05-29,CTB_ONLY,SPY,0.04104230720133578
2020-05-29,CTB_ONLY,VEA,0.08889717628660236
2020-05-29,CTB_ONLY,EEM,0.10072956352442268
2020-05-29,CTB_ONLY,IEF,0.10025977994673403
2020-05-29,CTB_ONLY,TLT,0.11714588259558853
2020-05-29,CTB_ONLY,TIP,0.09973723972450722
2020-05-29,CTB_ONLY,LQD,0.10681191284934743
2020-05-29,CTB_ONLY,VNQ,0.09789353941584762
2020-05-29,CTB_ONLY,GLD,0.13899965932581007
2020-05-29,CTB_ONLY,DBC,0.1084829391298042
2020-05-29,RB_CTB_BAND,SPY,0.10023173997070374
2020-05-29,RB_CTB_BAND,VEA,0.09983631195690318
2020-05-29,RB_CTB_BAND,EEM,0.09995855559098939
2020-05-29,RB_CTB_BAND,IEF,0.09906795686083306
2020-05-29,RB_CTB_BAND,TLT,0.09959015311426013
2020-05-29,RB_CTB_BAND,TIP,0.10124946931079869
2020-05-29,RB_CTB_BAND,LQD,0.10044506387289207
2020-05-29,RB_CTB_BAND,VNQ,0.09992074103733033
2020-05-29,RB_CTB_BAND,GLD,0.09933291559264817
2020-05-29,RB_CTB_BAND,DBC,0.10036709269264138
2020-06-30,ERC,SPY,0.0999999443012739
2020-06-30,ERC,VEA,0.09999997235411805
2020-06-30,ERC,EEM,0.09999963793593558
2020-06-30,ERC,IEF,0.09999991345074065
2020-06-30,ERC,TLT,0.10000008847636029
2020-06-30,ERC,TIP,0.09999991096524503
2020-06-30,ERC,LQD,0.10000043733510254
2020-06-30,ERC,VNQ,0.10000008049351947
2020-06-30,ERC,GLD,0.10000018550894975
2020-06-30,ERC,DBC,0.09999982917875477
2020-06-30,CTB_ONLY,SPY,0.04421895220425201
2020-06-30,CTB_ONLY,VEA,0.09103822651540407
2020-06-30,CTB_ONLY,EEM,0.0973455864183816
2020-06-30,CTB_ONLY,IEF,0.09961383965700445
2020-06-30,CTB_ONLY,TLT,0.1164057157736885
2020-06-30,CTB_ONLY,TIP,0.09879708560969419
2020-06-30,CTB_ONLY,LQD,0.10694435164119094
2020-06-30,CTB_ONLY,VNQ,0.09615172866900579
2020-06-30,CTB_ONLY,GLD,0.1397308672357696
2020-06-30,CTB_ONLY,DBC,0.10975364627560899
2020-06-30,RB_CTB_BAND,SPY,0.09948973689630908
2020-06-30,RB_CTB_BAND,VEA,0.09945523894278029
2020-06-30,RB_CTB_BAND,EEM,0.09988158341951243
2020-06-30,RB_CTB_BAND,IEF,0.0999461733027922
2020-06-30,RB_CTB_BAND,TLT,0.10039098191720189
2020-06-30,RB_CTB_BAND,TIP,0.10162891273278654
2020-06-30,RB_CTB_BAND,LQD,0.0997380624122397
2020-06-30,RB_CTB_BAND,VNQ,0.10018727340741435
2020-06-30,RB_CTB_BAND,GLD,0.09933640091529485
2020-06-30,RB_CTB_BAND,DBC,0.0999456360536687
2020-07-31,ERC,SPY,0.09999994254660674
2020-07-31,ERC,VEA,0.09999997398155319
2020-07-31,ERC,EEM,0.0999996386140713
2020-07-31,ERC,IEF,0.0999999350212815
2020-07-31,ERC,TLT,0.10000007967728908
2020-07-31,ERC,TIP,0.09999989294810563
2020-07-31,ERC,LQD,0.10000044228103237
2020-07-31,ERC,VNQ,0.10000007813911728
2020-07-31,ERC,GLD,0.10000018627287274
2020-07-31,ERC,DBC,0.09999983051807021
2020-07-31,CTB_ONLY,SPY,0.051275532167306626
2020-07-31,CTB_ONLY,VEA,0.0973932077042901
2020-07-31,CTB_ONLY,EEM,0.07964110825692287
2020-07-31,CTB_ONLY,IEF,0.09785810743990211
2020-07-31,CTB_ONLY,TLT,0.11579123397484427
2020-07-31,CTB_ONLY,TIP,0.09801383414907712
2020-07-31,CTB_ONLY,LQD,0.10472365970041042
2020-07-31,CTB_ONLY,VNQ,0.09717692812443109
2020-07-31,CTB_ONLY,GLD,0.1414102139375116
2020-07-31,CTB_ONLY,DBC,0.1167161745453036
2020-07-31,RB_CTB_BAND,SPY,0.09978798346238582
2020-07-31,RB_CTB_BAND,VEA,0.09965225297771263
2020-07-31,RB_CTB_BAND,EEM,0.10041287545666605
2020-07-31,RB_CTB_BAND,IEF,0.10098092712654852
2020-07-31,RB_CTB_BAND,TLT,0.10021731105559012
2020-07-31,RB_CTB_BAND,TIP,0.10073021630487654
2020-07-31,RB_CTB_BAND,LQD,0.10051730776685636
2020-07-31,RB_CTB_BAND,VNQ,0.09992109491852819
2020-07-31,RB_CTB_BAND,GLD,0.09838984065656312
2020-07-31,RB_CTB_BAND,DBC,0.09939019027427277
2020-08-31,ERC,SPY,0.09999994223175518
2020-08-31,ERC,VEA,0.09999997851575942
2020-08-31,ERC,EEM,0.09999963425522138
2020-08-31,ERC,IEF,0.09999993099169503
2020-08-31,ERC,TLT,0.10000007449141163
2020-08-31,ERC,TIP,0.09999993218801756
2020-08-31,ERC,LQD,0.10000041915929524
2020-08-31,ERC,VNQ,0.10000007856740471
2020-08-31,ERC,GLD,0.10000017467055493
2020-08-31,ERC,DBC,0.09999983492888495
2020-08-31,CTB_ONLY,SPY,0.05221707616761949
2020-08-31,CTB_ONLY,VEA,0.09864923026711808
2020-08-31,CTB_ONLY,EEM,0.07229662442834917
2020-08-31,CTB_ONLY,IEF,0.09728662470269403
2020-08-31,CTB_ONLY,TLT,0.11243988725718797
2020-08-31,CTB_ONLY,TIP,0.0922160060930549
2020-08-31,CTB_ONLY,LQD,0.10923153327406764
2020-08-31,CTB_ONLY,VNQ,0.10317849338992004
2020-08-31,CTB_ONLY,GLD,0.14385723681719567
2020-08-31,CTB_ONLY,DBC,0.11862728760279288
2020-08-31,RB_CTB_BAND,SPY,0.09993112134200803
2020-08-31,RB_CTB_BAND,VEA,0.09972393479943853
2020-08-31,RB_CTB_BAND,EEM,0.1004718015697337
2020-08-31,RB_CTB_BAND,IEF,0.10151075076908413
2020-08-31,RB_CTB_BAND,TLT,0.10089371234201776
2020-08-31,RB_CTB_BAND,TIP,0.10274357020531547
2020-08-31,RB_CTB_BAND,LQD,0.098535734894899
2020-08-31,RB_CTB_BAND,VNQ,0.09844254487370498
2020-08-31,RB_CTB_BAND,GLD,0.09868132687325633
2020-08-31,RB_CTB_BAND,DBC,0.09906550233054201
2020-09-30,ERC,SPY,0.09999994511471737
2020-09-30,ERC,VEA,0.09999997092913247
2020-09-30,ERC,EEM,0.0999996308649866
2020-09-30,ERC,IEF,0.09999991513311111
2020-09-30,ERC,TLT,0.10000006141228855
2020-09-30,ERC,TIP,0.09999994947497047
2020-09-30,ERC,LQD,0.10000042402562791
2020-09-30,ERC,VNQ,0.10000007624001964
2020-09-30,ERC,GLD,0.10000018357832048
2020-09-30,ERC,DBC,0.09999984322682536
2020-09-30,CTB_ONLY,SPY,0.04709814760266419
2020-09-30,CTB_ONLY,VEA,0.09694499008187663
2020-09-30,CTB_ONLY,EEM,0.08601809737078842
2020-09-30,CTB_ONLY,IEF,0.10427263505356496
2020-09-30,CTB_ONLY,TLT,0.1157974855943306
2020-09-30,CTB_ONLY,TIP,0.0856808566726451
2020-09-30,CTB_ONLY,LQD,0.10647916721042985
2020-09-30,CTB_ONLY,VNQ,0.09849068639011523
2020-09-30,CTB_ONLY,GLD,0.1400284970253392
2020-09-30,CTB_ONLY,DBC,0.11918943699824582
2020-09-30,RB_CTB_BAND,SPY,0.10008884619049545
2020-09-30,RB_CTB_BAND,VEA,0.10013505020169335
2020-09-30,RB_CTB_BAND,EEM,0.1000262467094256
2020-09-30,RB_CTB_BAND,IEF,0.10029158804438949
2020-09-30,RB_CTB_BAND,TLT,0.10026704168750739
2020-09-30,RB_CTB_BAND,TIP,0.10244191441297541
2020-09-30,RB_CTB_BAND,LQD,0.09866932270188106
2020-09-30,RB_CTB_BAND,VNQ,0.09960238597341352
2020-09-30,RB_CTB_BAND,GLD,0.09925551185260957
2020-09-30,RB_CTB_BAND,DBC,0.09922209222560921
2020-10-30,ERC,SPY,0.0999999470151975
2020-10-30,ERC,VEA,0.09999997316640158
2020-10-30,ERC,EEM,0.09999962665151271
2020-10-30,ERC,IEF,0.09999991022330777
2020-10-30,ERC,TLT,0.10000008494146828
2020-10-30,ERC,TIP,0.09999993431259203
2020-10-30,ERC,LQD,0.1000004181995686
2020-10-30,ERC,VNQ,0.10000007431516655
2020-10-30,ERC,GLD,0.10000018167186446
2020-10-30,ERC,DBC,0.09999984950292048
2020-10-30,CTB_ONLY,SPY,0.05577459376313767
2020-10-30,CTB_ONLY,VEA,0.08992943082125177
2020-10-30,CTB_ONLY,EEM,0.07387217440562299
2020-10-30,CTB_ONLY,IEF,0.10402646280500913
2020-10-30,CTB_ONLY,TLT,0.09925060512802007
2020-10-30,CTB_ONLY,TIP,0.097993754940726
2020-10-30,CTB_ONLY,LQD,0.11301051616214762
2020-10-30,CTB_ONLY,VNQ,0.10522355991375937
2020-10-30,CTB_ONLY,GLD,0.14237686716584247
2020-10-30,CTB_ONLY,DBC,0.11854203489448288
2020-10-30,RB_CTB_BAND,SPY,0.10007289175335977
2020-10-30,RB_CTB_BAND,VEA,0.10050827563812098
2020-10-30,RB_CTB_BAND,EEM,0.10056002145724792
2020-10-30,RB_CTB_BAND,IEF,0.09919044341987714
2020-10-30,RB_CTB_BAND,TLT,0.10061918836420838
2020-10-30,RB_CTB_BAND,TIP,0.10086958267145651
2020-10-30,RB_CTB_BAND,LQD,0.0990397362226535
2020-10-30,RB_CTB_BAND,VNQ,0.09948392467751341
2020-10-30,RB_CTB_BAND,GLD,0.0998938996955301
2020-10-30,RB_CTB_BAND,DBC,0.09976203610003231
2020-11-30,ERC,SPY,0.0999999452250197
2020-11-30,ERC,VEA,0.09999996839028909
2020-11-30,ERC,EEM,0.0999996255406157
2020-11-30,ERC,IEF,0.09999989203159491
2020-11-30,ERC,TLT,0.10000009572443429
2020-11-30,ERC,TIP,0.09999992699130698
2020-11-30,ERC,LQD,0.10000043351809636
2020-11-30,ERC,VNQ,0.10000007305818794
2020-11-30,ERC,GLD,0.10000019267217826
2020-11-30,ERC,DBC,0.0999998468482766
2020-11-30,CTB_ONLY,SPY,0.059818957004811206
2020-11-30,CTB_ONLY,VEA,0.09564517513907159
2020-11-30,CTB_ONLY,EEM,0.06651277952896954
2020-11-30,CTB_ONLY,IEF,0.1143035098709727
2020-11-30,CTB_ONLY,TLT,0.0871777739025392
2020-11-30,CTB_ONLY,TIP,0.10445500984070648
2020-11-30,CTB_ONLY,LQD,0.10917295187243277
2020-11-30,CTB_ONLY,VNQ,0.10275172397316933
2020-11-30,CTB_ONLY,GLD,0.14056082750954893
2020-11-30,CTB_ONLY,DBC,0.11960129135777839
2020-11-30,RB_CTB_BAND,SPY,0.09992262775516114
2020-11-30,RB_CTB_BAND,VEA,0.10009892044206199
2020-11-30,RB_CTB_BAND,EEM,0.10023670160309797
2020-11-30,RB_CTB_BAND,IEF,0.09817625450614145
2020-11-30,RB_CTB_BAND,TLT,0.10129040672230231
2020-11-30,RB_CTB_BAND,TIP,0.10003262210446467
2020-11-30,RB_CTB_BAND,LQD,0.10005900536185895
2020-11-30,RB_CTB_BAND,VNQ,0.10005363017710664
2020-11-30,RB_CTB_BAND,GLD,0.10016789621920173
2020-11-30,RB_CTB_BAND,DBC,0.09996193510860321
2020-12-31,ERC,SPY,0.09999995726861842
2020-12-31,ERC,VEA,0.0999999651540519
2020-12-31,ERC,EEM,0.09999961349566762
2020-12-31,ERC,IEF,0.09999988494374605
2020-12-31,ERC,TLT,0.10000008839721464
2020-12-31,ERC,TIP,0.09999994330585082
2020-12-31,ERC,LQD,0.10000043981899573
2020-12-31,ERC,VNQ,0.10000007174436225
2020-12-31,ERC,GLD,0.10000019250357516
2020-12-31,ERC,DBC,0.09999984336791728
2020-12-31,CTB_ONLY,SPY,0.06427198515329154
2020-12-31,CTB_ONLY,VEA,0.10177901110224315
2020-12-31,CTB_ONLY,EEM,0.05640231419039472
2020-12-31,CTB_ONLY,IEF,0.11471852190663996
2020-12-31,CTB_ONLY,TLT,0.08942275781955462
2020-12-31,CTB_ONLY,TIP,0.10428330977375205
2020-12-31,CTB_ONLY,LQD,0.10618255932465026
2020-12-31,CTB_ONLY,VNQ,0.10280543456506569
2020-12-31,CTB_ONLY,GLD,0.13993847810759824
2020-12-31,CTB_ONLY,DBC,0.12019562805680961
2020-12-31,RB_CTB_BAND,SPY,0.09963485701958584
2020-12-31,RB_CTB_BAND,VEA,0.09995592849909732
2020-12-31,RB_CTB_BAND,EEM,0.1004919132374444
2020-12-31,RB_CTB_BAND,IEF,0.0980134074123529
2020-12-31,RB_CTB_BAND,TLT,0.10057350718086967
2020-12-31,RB_CTB_BAND,TIP,0.1003896648643858
2020-12-31,RB_CTB_BAND,LQD,0.09949945680254575
2020-12-31,RB_CTB_BAND,VNQ,0.10026107033144428
2020-12-31,RB_CTB_BAND,GLD,0.10117740589663714
2020-12-31,RB_CTB_BAND,DBC,0.10000278875563684
2021-01-29,ERC,SPY,0.09999996144519131
2021-01-29,ERC,VEA,0.09999996176787769
2021-01-29,ERC,EEM,0.09999960514734128
2021-01-29,ERC,IEF,0.09999989517690491
2021-01-29,ERC,TLT,0.10000007914064525
2021-01-29,ERC,TIP,0.09999994441098876
2021-01-29,ERC,LQD,0.10000044794885825
2021-01-29,ERC,VNQ,0.10000007319711568
2021-01-29,ERC,GLD,0.10000019335820044
2021-01-29,ERC,DBC,0.09999983840687636
2021-01-29,CTB_ONLY,SPY,0.06507706184763948
2021-01-29,CTB_ONLY,VEA,0.1011384471471631
2021-01-29,CTB_ONLY,EEM,0.058580911187082994
2021-01-29,CTB_ONLY,IEF,0.11460462660870827
2021-01-29,CTB_ONLY,TLT,0.09076961391646539
2021-01-29,CTB_ONLY,TIP,0.10340474194902742
2021-01-29,CTB_ONLY,LQD,0.1018492936128603
2021-01-29,CTB_ONLY,VNQ,0.10674795784296884
2021-01-29,CTB_ONLY,GLD,0.14376503736311505
2021-01-29,CTB_ONLY,DBC,0.11406230852496922
2021-01-29,RB_CTB_BAND,SPY,0.09976479176911061
2021-01-29,RB_CTB_BAND,VEA,0.10020588075165837
2021-01-29,RB_CTB_BAND,EEM,0.10023636021722628
2021-01-29,RB_CTB_BAND,IEF,0.09908562741091091
2021-01-29,RB_CTB_BAND,TLT,0.10024641151343787
2021-01-29,RB_CTB_BAND,TIP,0.10074607802526327
2021-01-29,RB_CTB_BAND,LQD,0.10021602410804649
2021-01-29,RB_CTB_BAND,VNQ,0.09980122056175342
2021-01-29,RB_CTB_BAND,GLD,0.09902510880085505
2021-01-29,RB_CTB_BAND,DBC,0.10067249684173785
2021-02-26,ERC,SPY,0.09999995974686655
2021-02-26,ERC,VEA,0.09999996194218078
2021-02-26,ERC,EEM,0.09999961478707263
2021-02-26,ERC,IEF,0.09999990136402959
2021-02-26,ERC,TLT,0.1000000840784603
2021-02-26,ERC,TIP,0.09999994170973293
2021-02-26,ERC,LQD,0.10000044281170413
2021-02-26,ERC,VNQ,0.1000000698677718
2021-02-26,ERC,GLD,0.100000192540667
2021-02-26,ERC,DBC,0.09999983115151422
2021-02-26,CTB_ONLY,SPY,0.07078349168764538
2021-02-26,CTB_ONLY,VEA,0.0966383177365155
2021-02-26,CTB_ONLY,EEM,0.058206899467296624
2021-02-26,CTB_ONLY,IEF,0.11394498471264675
2021-02-26,CTB_ONLY,TLT,0.09074197626348708
2021-02-26,CTB_ONLY,TIP,0.10240063821789118
2021-02-26,CTB_ONLY,LQD,0.10056459386824744
2021-02-26,CTB_ONLY,VNQ,0.10404188459440775
2021-02-26,CTB_ONLY,GLD,0.1448249285737958
2021-02-26,CTB_ONLY,DBC,0.11785228487806652
2021-02-26,RB_CTB_BAND,SPY,0.09965562402299044
2021-02-26,RB_CTB_BAND,VEA,0.10023139803964497
2021-02-26,RB_CTB_BAND,EEM,0.09994895917666055
2021-02-26,RB_CTB_BAND,IEF,0.09978650993015885
2021-02-26,RB_CTB_BAND,TLT,0.10077933188466866
2021-02-26,RB_CTB_BAND,TIP,0.10082589489401679
2021-02-26,RB_CTB_BAND,LQD,0.09992626361753891
2021-02-26,RB_CTB_BAND,VNQ,0.09990220863045125
2021-02-26,RB_CTB_BAND,GLD,0.09900245368867733
2021-02-26,RB_CTB_BAND,DBC,0.0999413561151923
2021-03-31,ERC,SPY,0.09999995105679041
2021-03-31,ERC,VEA,0.09999996597745113
2021-03-31,ERC,EEM,0.09999962391446783
2021-03-31,ERC,IEF,0.09999991276207701
2021-03-31,ERC,TLT,0.10000007304716202
2021-03-31,ERC,TIP,0.0999999509207164
2021-03-31,ERC,LQD,0.1000004291922963
2021-03-31,ERC,VNQ,0.10000008285993105
2021-03-31,ERC,GLD,0.10000019097355418
2021-03-31,ERC,DBC,0.09999981929555374
2021-03-31,CTB_ONLY,SPY,0.07339767217025338
2021-03-31,CTB_ONLY,VEA,0.08578871603841642
2021-03-31,CTB_ONLY,EEM,0.06634739746503263
2021-03-31,CTB_ONLY,IEF,0.10638993878926394
2021-03-31,CTB_ONLY,TLT,0.09980853894277962
2021-03-31,CTB_ONLY,TIP,0.10074236775913988
2021-03-31,CTB_ONLY,LQD,0.10550096930079549
2021-03-31,CTB_ONLY,VNQ,0.10266812410775333
2021-03-31,CTB_ONLY,GLD,0.14249095242762425
2021-03-31,CTB_ONLY,DBC,0.11686532299894106
2021-03-31,RB_CTB_BAND,SPY,0.10014024772281113
2021-03-31,RB_CTB_BAND,VEA,0.10005909405916595
2021-03-31,RB_CTB_BAND,EEM,0.0997537374070626
2021-03-31,RB_CTB_BAND,IEF,0.10021048260594076
2021-03-31,RB_CTB_BAND,TLT,0.10027782491910936
2021-03-31,RB_CTB_BAND,TIP,0.10116701867774734
2021-03-31,RB_CTB_BAND,LQD,0.09860361174776903
2021-03-31,RB_CTB_BAND,VNQ,0.09931575226855885
2021-03-31,RB_CTB_BAND,GLD,0.10024813355198636
2021-03-31,RB_CTB_BAND,DBC,0.10022409703984875
2021-04-30,ERC,SPY,0.0999999560661974
2021-04-30,ERC,VEA,0.09999997080772996
2021-04-30,ERC,EEM,0.09999961811044455
2021-04-30,ERC,IEF,0.09999991824834827
2021-04-30,ERC,TLT,0.1000000774176777
2021-04-30,ERC,TIP,0.09999994004724969
2021-04-30,ERC,LQD,0.10000042742885977
2021-04-30,ERC,VNQ,0.10000007922362783
2021-04-30,ERC,GLD,0.10000018833725713
2021-04-30,ERC,DBC,0.09999982431260762
2021-04-30,CTB_ONLY,SPY,0.07296165614760224
2021-04-30,CTB_ONLY,VEA,0.08672832655663351
2021-04-30,CTB_ONLY,EEM,0.066480798302645
2021-04-30,CTB_ONLY,IEF,0.10635990331014543
2021-04-30,CTB_ONLY,TLT,0.09954526506413233
2021-04-30,CTB_ONLY,TIP,0.10027257970969453
2021-04-30,CTB_ONLY,LQD,0.1054690511309307
2021-04-30,CTB_ONLY,VNQ,0.09904250147760679
2021-04-30,CTB_ONLY,GLD,0.14068963663572567
2021-04-30,CTB_ONLY,DBC,0.12245028166488377
2021-04-30,RB_CTB_BAND,SPY,0.10004243923003975
2021-04-30,RB_CTB_BAND,VEA,0.09981646195414609
2021-04-30,RB_CTB_BAND,EEM,0.10009059495264344
2021-04-30,RB_CTB_BAND,IEF,0.10015103214477683
2021-04-30,RB_CTB_BAND,TLT,0.09960050743223373
2021-04-30,RB_CTB_BAND,TIP,0.10030422513790485
2021-04-30,RB_CTB_BAND,LQD,0.09926419236141358
2021-04-30,RB_CTB_BAND,VNQ,0.10028792725256278
2021-04-30,RB_CTB_BAND,GLD,0.1009813465873376
2021-04-30,RB_CTB_BAND,DBC,0.09946127294694133
2021-05-31,ERC,SPY,0.09999995365830702
2021-05-31,ERC,VEA,0.09999997637850892
2021-05-31,ERC,EEM,0.09999961778052159
2021-05-31,ERC,IEF,0.09999992022905357
2021-05-31,ERC,TLT,0.10000007831518083
2021-05-31,ERC,TIP,0.09999993412493084
2021-05-31,ERC,LQD,0.10000043164560246
2021-05-31,ERC,VNQ,0.10000008272291976
2021-05-31,ERC,GLD,0.10000018658275185
2021-05-31,ERC,DBC,0.09999981856222309
2021-05-31,CTB_ONLY,SPY,0.06984844920561203
2021-05-31,CTB_ONLY,VEA,0.09536339525878935
2021-05-31,CTB_ONLY,EEM,0.061320677897756685
2021-05-31,CTB_ONLY,IEF,0.10473675997562909
2021-05-31,CTB_ONLY,TLT,0.09853347303983791
2021-05-31,CTB_ONLY,TIP,0.10531300848263632
2021-05-31,CTB_ONLY,LQD,0.10209509541775774
2021-05-31,CTB_ONLY,VNQ,0.09821439773219798
2021-05-31,CTB_ONLY,GLD,0.14513199136797927
2021-05-31,CTB_ONLY,DBC,0.11944275162180369
2021-05-31,RB_CTB_BAND,SPY,0.10023440596581099
2021-05-31,RB_CTB_BAND,VEA,0.09967805451549536
2021-05-31,RB_CTB_BAND,EEM,0.10019785257692282
2021-05-31,RB_CTB_BAND,IEF,0.10027114859261155
2021-05-31,RB_CTB_BAND,TLT,0.1002171518466586
2021-05-31,RB_CTB_BAND,TIP,0.10004898083333302
2021-05-31,RB_CTB_BAND,LQD,0.09924760268938336
2021-05-31,RB_CTB_BAND,VNQ,0.10021645426674898
2021-05-31,RB_CTB_BAND,GLD,0.09946720881718611
2021-05-31,RB_CTB_BAND,DBC,0.10042113989584919
2021-06-30,ERC,SPY,0.0999999627798908
2021-06-30,ERC,VEA,0.09999997823279934
2021-06-30,ERC,EEM,0.09999962849814639
2021-06-30,ERC,IEF,0.09999990610709325
2021-06-30,ERC,TLT,0.1000000679722753
2021-06-30,ERC,TIP,0.09999997412477646
2021-06-30,ERC,LQD,0.10000042031666302
2021-06-30,ERC,VNQ,0.10000008038646135
2021-06-30,ERC,GLD,0.10000016355173556
2021-06-30,ERC,DBC,0.09999981803015835
2021-06-30,CTB_ONLY,SPY,0.06177040500476183
2021-06-30,CTB_ONLY,VEA,0.10095432918936287
2021-06-30,CTB_ONLY,EEM,0.06630750129621443
2021-06-30,CTB_ONLY,IEF,0.11024524088937471
2021-06-30,CTB_ONLY,TLT,0.10118540088762018
2021-06-30,CTB_ONLY,TIP,0.09041714819234187
2021-06-30,CTB_ONLY,LQD,0.09869595573961845
2021-06-30,CTB_ONLY,VNQ,0.10108492357242575
2021-06-30,CTB_ONLY,GLD,0.14934673684760982
2021-06-30,CTB_ONLY,DBC,0.11999235838067002
2021-06-30,RB_CTB_BAND,SPY,0.0997802831389881
2021-06-30,RB_CTB_BAND,VEA,0.09933818405168836
2021-06-30,RB_CTB_BAND,EEM,0.09971461414951546
2021-06-30,RB_CTB_BAND,IEF,0.10048262255157675
2021-06-30,RB_CTB_BAND,TLT,0.10046257644855539
2021-06-30,RB_CTB_BAND,TIP,0.10248247187573573
2021-06-30,RB_CTB_BAND,LQD,0.10062674166158808
2021-06-30,RB_CTB_BAND,VNQ,0.09914600161094117
2021-06-30,RB_CTB_BAND,GLD,0.09848204250463932
2021-06-30,RB_CTB_BAND,DBC,0.0994844620067717
2021-07-30,ERC,SPY,0.09999997108152023
2021-07-30,ERC,VEA,0.09999996931557885
2021-07-30,ERC,EEM,0.09999963095925903
2021-07-30,ERC,IEF,0.0999998976739386
2021-07-30,ERC,TLT,0.10000007116265712
2021-07-30,ERC,TIP,0.09999997200136646
2021-07-30,ERC,LQD,0.10000042409716842
2021-07-30,ERC,VNQ,0.10000008098587382
2021-07-30,ERC,GLD,0.10000016109817973
2021-07-30,ERC,DBC,0.09999982162445784
2021-07-30,CTB_ONLY,SPY,0.06847441148748537
2021-07-30,CTB_ONLY,VEA,0.09983031696692919
2021-07-30,CTB_ONLY,EEM,0.06751874380620818
2021-07-30,CTB_ONLY,IEF,0.11236210228271079
2021-07-30,CTB_ONLY,TLT,0.10032549371419289
2021-07-30,CTB_ONLY,TIP,0.09156770041840041
2021-07-30,CTB_ONLY,LQD,0.094417702135211
2021-07-30,CTB_ONLY,VNQ,0.08842780474759725
2021-07-30,CTB_ONLY,GLD,0.15243785359514778
2021-07-30,CTB_ONLY,DBC,0.12463787084611709
2021-07-30,RB_CTB_BAND,SPY,0.09939339086480942
2021-07-30,RB_CTB_BAND,VEA,0.09997988377368233
2021-07-30,RB_CTB_BAND,EEM,0.09989957750676852
2021-07-30,RB_CTB_BAND,IEF,0.09959265874287711
2021-07-30,RB_CTB_BAND,TLT,0.10006649449052576
2021-07-30,RB_CTB_BAND,TIP,0.10160980419202813
2021-07-30,RB_CTB_BAND,LQD,0.10148467035671409
2021-07-30,RB_CTB_BAND,VNQ,0.10065693226771104
2021-07-30,RB_CTB_BAND,GLD,0.09792712713626367
2021-07-30,RB_CTB_BAND,DBC,0.09938946066861994
2021-08-31,ERC,SPY,0.0999999778936134
2021-08-31,ERC,VEA,0.09999996446308697
2021-08-31,ERC,EEM,0.09999963575109679
2021-08-31,ERC,IEF,0.0999998915948554
2021-08-31,ERC,TLT,0.10000006222997358
2021-08-31,ERC,TIP,0.09999996149006408
2021-08-31,ERC,LQD,0.10000043854682555
2021-08-31,ERC,VNQ,0.1000000802884374
2021-08-31,ERC,GLD,0.10000016355097605
2021-08-31,ERC,DBC,0.09999982419107074
2021-08-31,CTB_ONLY,SPY,0.07191623361365643
2021-08-31,CTB_ONLY,VEA,0.09293477347205749
2021-08-31,CTB_ONLY,EEM,0.0805841767862658
2021-08-31,CTB_ONLY,IEF,0.11200703251201764
2021-08-31,CTB_ONLY,TLT,0.10512271803673476
2021-08-31,CTB_ONLY,TIP,0.09252678583541743
2021-08-31,CTB_ONLY,LQD,0.08544810015728858
2021-08-31,CTB_ONLY,VNQ,0.09062355897653669
2021-08-31,CTB_ONLY,GLD,0.14435692322954988
2021-08-31,CTB_ONLY,DBC,0.12447969738047529
2021-08-31,RB_CTB_BAND,SPY,0.0992179031448592
2021-08-31,RB_CTB_BAND,VEA,0.10009912880324798
2021-08-31,RB_CTB_BAND,EEM,0.09940003355947966
2021-08-31,RB_CTB_BAND,IEF,0.09933009229203986
2021-08-31,RB_CTB_BAND,TLT,0.09927199401646253
2021-08-31,RB_CTB_BAND,TIP,0.10093404398128882
2021-08-31,RB_CTB_BAND,LQD,0.1023518023144712
2021-08-31,RB_CTB_BAND,VNQ,0.09981504493869998
2021-08-31,RB_CTB_BAND,GLD,0.10002455830259803
2021-08-31,RB_CTB_BAND,DBC,0.09955539864685264
2021-09-30,ERC,SPY,0.09999996430832975
2021-09-30,ERC,VEA,0.0999999730483766
2021-09-30,ERC,EEM,0.09999960199281895
2021-09-30,ERC,IEF,0.09999989347759364
2021-09-30,ERC,TLT,0.1000000570885641
2021-09-30,ERC,TIP,0.09999996189860905
2021-09-30,ERC,LQD,0.10000045518151325
2021-09-30,ERC,VNQ,0.1000000884812849
2021-09-30,ERC,GLD,0.1000001767486345
2021-09-30,ERC,DBC,0.09999982777427528
2021-09-30,CTB_ONLY,SPY,0.07189584332640685
2021-09-30,CTB_ONLY,VEA,0.09666001846755465
2021-09-30,CTB_ONLY,EEM,0.07244195409546858
2021-09-30,CTB_ONLY,IEF,0.11311168269737656
2021-09-30,CTB_ONLY,TLT,0.1061516698091586
2021-09-30,CTB_ONLY,TIP,0.09257532266425829
2021-09-30,CTB_ONLY,LQD,0.08720249243932367
2021-09-30,CTB_ONLY,VNQ,0.08814010442959815
2021-09-30,CTB_ONLY,GLD,0.1438721902723493
2021-09-30,CTB_ONLY,DBC,0.12794872179850542
2021-09-30,RB_CTB_BAND,SPY,0.10035776470132217
2021-09-30,RB_CTB_BAND,VEA,0.09987888303758725
2021-09-30,RB_CTB_BAND,EEM,0.10063777110367847
2021-09-30,RB_CTB_BAND,IEF,0.09907068224252465
2021-09-30,RB_CTB_BAND,TLT,0.0986323809696394
2021-09-30,RB_CTB_BAND,TIP,0.10007547150654597
2021-09-30,RB_CTB_BAND,LQD,0.101446597371052
2021-09-30,RB_CTB_BAND,VNQ,0.10023725710826599
2021-09-30,RB_CTB_BAND,GLD,0.10010228152121954
2021-09-30,RB_CTB_BAND,DBC,0.09956091043816472
2021-10-29,ERC,SPY,0.09999996335801684
2021-10-29,ERC,VEA,0.0999999831085908
2021-10-29,ERC,EEM,0.09999960089881703
2021-10-29,ERC,IEF,0.0999998917500179
2021-10-29,ERC,TLT,0.10000006463667334
2021-10-29,ERC,TIP,0.09999995807711799
2021-10-29,ERC,LQD,0.10000045392455907
2021-10-29,ERC,VNQ,0.10000008892029087
2021-10-29,ERC,GLD,0.10000016719748762
2021-10-29,ERC,DBC,0.09999982812842852
2021-10-29,CTB_ONLY,SPY,0.07574861718037536
2021-10-29,CTB_ONLY,VEA,0.09353213777588647
2021-10-29,CTB_ONLY,EEM,0.07135519089746757
2021-10-29,CTB_ONLY,IEF,0.11773103952765575
2021-10-29,CTB_ONLY,TLT,0.09429745073462022
2021-10-29,CTB_ONLY,TIP,0.09520839293230862
2021-10-29,CTB_ONLY,LQD,0.08396406254282968
2021-10-29,CTB_ONLY,VNQ,0.0954274140249756
2021-10-29,CTB_ONLY,GLD,0.14459275864299465
2021-10-29,CTB_ONLY,DBC,0.12814293574088617
2021-10-29,RB_CTB_BAND,SPY,0.09980862453445317
2021-10-29,RB_CTB_BAND,VEA,0.09960932019335614
2021-10-29,RB_CTB_BAND,EEM,0.10002299231348508
2021-10-29,RB_CTB_BAND,IEF,0.09984945728555708
2021-10-29,RB_CTB_BAND,TLT,0.10040577749229122
2021-10-29,RB_CTB_BAND,TIP,0.10050581925286266
2021-10-29,RB_CTB_BAND,LQD,0.1015058049628612
2021-10-29,RB_CTB_BAND,VNQ,0.09904944456156818
2021-10-29,RB_CTB_BAND,GLD,0.0996131684674086
2021-10-29,RB_CTB_BAND,DBC,0.09962959093615667
2021-11-30,ERC,SPY,0.09999996712012897
2021-11-30,ERC,VEA,0.09999997706261345
2021-11-30,ERC,EEM,0.09999961283812814
2021-11-30,ERC,IEF,0.09999989661386162
2021-11-30,ERC,TLT,0.10000006534014097
2021-11-30,ERC,TIP,0.09999996064657657
2021-11-30,ERC,LQD,0.1000004393665896
2021-11-30,ERC,VNQ,0.1000000927101836
2021-11-30,ERC,GLD,0.10000015941089883
2021-11-30,ERC,DBC,0.09999982889087816
2021-11-30,CTB_ONLY,SPY,0.07026216596047646
2021-11-30,CTB_ONLY,VEA,0.08633380570269077
2021-11-30,CTB_ONLY,EEM,0.08332855282060665
2021-11-30,CTB_ONLY,IEF,0.11752555385611932
2021-11-30,CTB_ONLY,TLT,0.09372113516494959
2021-11-30,CTB_ONLY,TIP,0.09350590136356039
2021-11-30,CTB_ONLY,LQD,0.0889527577716022
2021-11-30,CTB_ONLY,VNQ,0.09870942948140349
2021-11-30,CTB_ONLY,GLD,0.1441149726133088
2021-11-30,CTB_ONLY,DBC,0.12354572526528217
2021-11-30,RB_CTB_BAND,SPY,0.09984940499678908
2021-11-30,RB_CTB_BAND,VEA,0.10018122307836191
2021-11-30,RB_CTB_BAND,EEM,0.09947589710220442
2021-11-30,RB_CTB_BAND,IEF,0.10013896807594154
2021-11-30,RB_CTB_BAND,TLT,0.10033554274603174
2021-11-30,RB_CTB_BAND,TIP,0.10043620898897603
2021-11-30,RB_CTB_BAND,LQD,0.09995928827646942
2021-11-30,RB_CTB_BAND,VNQ,0.0987636179054587
2021-11-30,RB_CTB_BAND,GLD,0.10062525133832627
2021-11-30,RB_CTB_BAND,DBC,0.10023459749144092
2021-12-31,ERC,SPY,0.0999999726653202
2021-12-31,ERC,VEA,0.09999997453838916
2021-12-31,ERC,EEM,0.09999961032620454
2021-12-31,ERC,IEF,0.0999998991461416
2021-12-31,ERC,TLT,0.10000006290531892
2021-12-31,ERC,TIP,0.09999996118639828
2021-12-31,ERC,LQD,0.10000044167077092
2021-12-31,ERC,VNQ,0.10000009174559212
2021-12-31,ERC,GLD,0.10000015835924282
2021-12-31,ERC,DBC,0.09999982745662145
2021-12-31,CTB_ONLY,SPY,0.07141444952464295
2021-12-31,CTB_ONLY,VEA,0.08295696117741627
2021-12-31,CTB_ONLY,EEM,0.08443628872178487
2021-12-31,CTB_ONLY,IEF,0.11718563778965221
2021-12-31,CTB_ONLY,TLT,0.0941661296859232
2021-12-31,CTB_ONLY,TIP,0.09302390523850583
2021-12-31,CTB_ONLY,LQD,0.08900343411197957
2021-12-31,CTB_ONLY,VNQ,0.10160464654196033
2021-12-31,CTB_ONLY,GLD,0.14097488816990902
2021-12-31,CTB_ONLY,DBC,0.12523365903822573
2021-12-31,RB_CTB_BAND,SPY,0.09957514818225677
2021-12-31,RB_CTB_BAND,VEA,0.10014093929994584
2021-12-31,RB_CTB_BAND,EEM,0.0998828030954659
2021-12-31,RB_CTB_BAND,IEF,0.10002865505370225
2021-12-31,RB_CTB_BAND,TLT,0.10021369052950206
2021-12-31,RB_CTB_BAND,TIP,0.10022350534516586
2021-12-31,RB_CTB_BAND,LQD,0.09993740635703552
2021-12-31,RB_CTB_BAND,VNQ,0.09868881542145332
2021-12-31,RB_CTB_BAND,GLD,0.10161034770537788
2021-12-31,RB_CTB_BAND,DBC,0.0996986890100946
2022-01-31,ERC,SPY,0.09999997294740136
2022-01-31,ERC,VEA,0.09999997130282226
2022-01-31,ERC,EEM,0.09999960636294164
2022-01-31,ERC,IEF,0.09999988931151789
2022-01-31,ERC,TLT,0.10000006839128488
2022-01-31,ERC,TIP,0.09999994889978521
2022-01-31,ERC,LQD,0.1000004572121704
2022-01-31,ERC,VNQ,0.1000000935176633
2022-01-31,ERC,GLD,0.10000015681808853
2022-01-31,ERC,DBC,0.0999998352363246
2022-01-31,CTB_ONLY,SPY,0.07535314310905102
2022-01-31,CTB_ONLY,VEA,0.07331508355166015
2022-01-31,CTB_ONLY,EEM,0.08868772353770768
2022-01-31,CTB_ONLY,IEF,0.11793534353680567
2022-01-31,CTB_ONLY,TLT,0.0967071006716849
2022-01-31,CTB_ONLY,TIP,0.09357391279436843
2022-01-31,CTB_ONLY,LQD,0.08786270098935181
2022-01-31,CTB_ONLY,VNQ,0.09554253218525935
2022-01-31,CTB_ONLY,GLD,0.14377860824702185
2022-01-31,CTB_ONLY,DBC,0.12724385137708916
2022-01-31,RB_CTB_BAND,SPY,0.09994237303403827
2022-01-31,RB_CTB_BAND,VEA,0.10065429816881218
2022-01-31,RB_CTB_BAND,EEM,0.09993858398151885
2022-01-31,RB_CTB_BAND,IEF,0.09896478866785136
2022-01-31,RB_CTB_BAND,TLT,0.09948205509042779
2022-01-31,RB_CTB_BAND,TIP,0.09896195444448037
2022-01-31,RB_CTB_BAND,LQD,0.10050965145271096
2022-01-31,RB_CTB_BAND,VNQ,0.10071849521534507
2022-01-31,RB_CTB_BAND,GLD,0.10090229866123311
2022-01-31,RB_CTB_BAND,DBC,0.09992550128358209
2022-02-28,ERC,SPY,0.09999998146316964
2022-02-28,ERC,VEA,0.09999997733140115
2022-02-28,ERC,EEM,0.09999960065312093
2022-02-28,ERC,IEF,0.09999989193058592
2022-02-28,ERC,TLT,0.10000006106730967
2022-02-28,ERC,TIP,0.09999995392473243
2022-02-28,ERC,LQD,0.10000045691490239
2022-02-28,ERC,VNQ,0.10000009681841027
2022-02-28,ERC,GLD,0.10000014969009419
2022-02-28,ERC,DBC,0.09999983020627329
2022-02-28,CTB_ONLY,SPY,0.07969561309526556
2022-02-28,CTB_ONLY,VEA,0.07723075903196196
2022-02-28,CTB_ONLY,EEM,0.0823821759077424
2022-02-28,CTB_ONLY,IEF,0.11787638695906304
2022-02-28,CTB_ONLY,TLT,0.09773998875044052
2022-02-28,CTB_ONLY,TIP,0.09444804270106429
2022-02-28,CTB_ONLY,LQD,0.08690588053237906
2022-02-28,CTB_ONLY,VNQ,0.09449293002463544
2022-02-28,CTB_ONLY,GLD,0.14058980944895308
2022-02-28,CTB_ONLY,DBC,0.12863841354849462
2022-02-28,RB_CTB_BAND,SPY,0.09934299769744845
2022-02-28,RB_CTB_BAND,VEA,0.09950354621006274
2022-02-28,RB_CTB_BAND,EEM,0.10006545805772693
2022-02-28,RB_CTB_BAND,IEF,0.09945010502982221
2022-02-28,RB_CTB_BAND,TLT,0.09997513718960406
2022-02-28,RB_CTB_BAND,TIP,0.09977042670419425
2022-02-28,RB_CTB_BAND,LQD,0.10020511636559458
2022-02-28,RB_CTB_BAND,VNQ,0.1000349157112888
2022-02-28,RB_CTB_BAND,GLD,0.10192952238768767
2022-02-28,RB_CTB_BAND,DBC,0.09972277464657042
2022-03-31,ERC,SPY,0.09999996387652879
2022-03-31,ERC,VEA,0.09999997802066059
2022-03-31,ERC,EEM,0.09999960098230151
2022-03-31,ERC,IEF,0.0999998834908654
2022-03-31,ERC,TLT,0.10000005581858422
2022-03-31,ERC,TIP,0.09999995488530075
2022-03-31,ERC,LQD,0.10000047627567182
2022-03-31,ERC,VNQ,0.10000010061708416
2022-03-31,ERC,GLD,0.10000015369194845
2022-03-31,ERC,DBC,0.09999983234105429
2022-03-31,CTB_ONLY,SPY,0.08177171218610695
2022-03-31,CTB_ONLY,VEA,0.07778726050745396
2022-03-31,CTB_ONLY,EEM,0.08149307070978049
2022-03-31,CTB_ONLY,IEF,0.11758190179541021
2022-03-31,CTB_ONLY,TLT,0.10028891524805585
2022-03-31,CTB_ONLY,TIP,0.09457268661491995
2022-03-31,CTB_ONLY,LQD,0.08082782338248656
2022-03-31,CTB_ONLY,VNQ,0.09516800704694958
2022-03-31,CTB_ONLY,GLD,0.14044259493092104
2022-03-31,CTB_ONLY,DBC,0.13006602757791533
2022-03-31,RB_CTB_BAND,SPY,0.10028253055481265
2022-03-31,RB_CTB_BAND,VEA,0.09981006237617855
2022-03-31,RB_CTB_BAND,EEM,0.09986125428298089
2022-03-31,RB_CTB_BAND,IEF,0.09898505426581251
2022-03-31,RB_CTB_BAND,TLT,0.09929407130184437
2022-03-31,RB_CTB_BAND,TIP,0.09957716865268164
2022-03-31,RB_CTB_BAND,LQD,0.1017715013363693
2022-03-31,RB_CTB_BAND,VNQ,0.09993798803594438
2022-03-31,RB_CTB_BAND,GLD,0.10069259274962018
2022-03-31,RB_CTB_BAND,DBC,0.09978777644375546
2022-04-29,ERC,SPY,0.09999997715984033
2022-04-29,ERC,VEA,0.09999998265014712
2022-04-29,ERC,EEM,0.09999959188065728
2022-04-29,ERC,IEF,0.09999988155095109
2022-04-29,ERC,TLT,0.1000000457604303
2022-04-29,ERC,TIP,0.0999999511226807
2022-04-29,ERC,LQD,0.10000047859032288
2022-04-29,ERC,VNQ,0.10000010624494234
2022-04-29,ERC,GLD,0.10000015187024164
2022-04-29,ERC,DBC,0.09999983316978626
2022-04-29,CTB_ONLY,SPY,0.08745894322849966
2022-04-29,CTB_ONLY,VEA,0.08023351225114436
2022-04-29,CTB_ONLY,EEM,0.08091443455781573
2022-04-29,CTB_ONLY,IEF,0.1183263669280924
2022-04-29,CTB_ONLY,TLT,0.10396848631775574
2022-04-29,CTB_ONLY,TIP,0.09475708525760031
2022-04-29,CTB_ONLY,LQD,0.07636443195992894
2022-04-29,CTB_ONLY,VNQ,0.08955747490346473
2022-04-29,CTB_ONLY,GLD,0.14053185474880572
2022-04-29,CTB_ONLY,DBC,0.12788740984689245
2022-04-29,RB_CTB_BAND,SPY,0.09914780449517138
2022-04-29,RB_CTB_BAND,VEA,0.09930272891337394
2022-04-29,RB_CTB_BAND,EEM,0.09981088889871173
2022-04-29,RB_CTB_BAND,IEF,0.09929788514764014
2022-04-29,RB_CTB_BAND,TLT,0.09958813775999152
2022-04-29,RB_CTB_BAND,TIP,0.09965301844788062
2022-04-29,RB_CTB_BAND,LQD,0.10271088793514782
2022-04-29,RB_CTB_BAND,VNQ,0.10049565058958052
2022-04-29,RB_CTB_BAND,GLD,0.09995121425896289
2022-04-29,RB_CTB_BAND,DBC,0.10004178355353954
2022-05-31,ERC,SPY,0.09999997941315396
2022-05-31,ERC,VEA,0.09999998577639384
2022-05-31,ERC,EEM,0.09999958896341021
2022-05-31,ERC,IEF,0.09999986055295446
2022-05-31,ERC,TLT,0.10000005127700232
2022-05-31,ERC,TIP,0.09999996300063833
2022-05-31,ERC,LQD,0.10000047817054426
2022-05-31,ERC,VNQ,0.10000010045156539
2022-05-31,ERC,GLD,0.10000015581370103
2022-05-31,ERC,DBC,0.09999983658063623
2022-05-31,CTB_ONLY,SPY,0.09286968152061098
2022-05-31,CTB_ONLY,VEA,0.08618683672380177
2022-05-31,CTB_ONLY,EEM,0.07232481540121337
2022-05-31,CTB_ONLY,IEF,0.12893655095027087
2022-05-31,CTB_ONLY,TLT,0.09721682020939271
2022-05-31,CTB_ONLY,TIP,0.09108480316648404
2022-05-31,CTB_ONLY,LQD,0.07434176968596527
2022-05-31,CTB_ONLY,VNQ,0.09175998390655751
2022-05-31,CTB_ONLY,GLD,0.13668762531591186
2022-05-31,CTB_ONLY,DBC,0.12859111311979157
2022-05-31,RB_CTB_BAND,SPY,0.09924381909771517
2022-05-31,RB_CTB_BAND,VEA,0.09927856005782744
2022-05-31,RB_CTB_BAND,EEM,0.09995447891476322
2022-05-31,RB_CTB_BAND,IEF,0.09876969999934117
2022-05-31,RB_CTB_BAND,TLT,0.10045420751532917
2022-05-31,RB_CTB_BAND,TIP,0.100306950086114
2022-05-31,RB_CTB_BAND,LQD,0.10186264004347816
2022-05-31,RB_CTB_BAND,VNQ,0.1001095522778613
2022-05-31,RB_CTB_BAND,GLD,0.10033888824907011
2022-05-31,RB_CTB_BAND,DBC,0.09968120375850026
2022-06-30,ERC,SPY,0.09999998264709634
2022-06-30,ERC,VEA,0.09999999554040359
2022-06-30,ERC,EEM,0.0999996040147575
2022-06-30,ERC,IEF,0.09999986591065171
2022-06-30,ERC,TLT,0.10000005790329078
2022-06-30,ERC,TIP,0.09999995749707827
2022-06-30,ERC,LQD,0.10000047265917954
2022-06-30,ERC,VNQ,0.10000010034215434
2022-06-30,ERC,GLD,0.10000014262337338
2022-06-30,ERC,DBC,0.09999982086201466
2022-06-30,CTB_ONLY,SPY,0.09220755126718395
2022-06-30,CTB_ONLY,VEA,0.09152325255797908
2022-06-30,CTB_ONLY,EEM,0.07196515130900742
2022-06-30,CTB_ONLY,IEF,0.1297402396785269
2022-06-30,CTB_ONLY,TLT,0.09694596655097358
2022-06-30,CTB_ONLY,TIP,0.09192274735498097
2022-06-30,CTB_ONLY,LQD,0.07244443962811423
2022-06-30,CTB_ONLY,VNQ,0.08831900707361143
2022-06-30,CTB_ONLY,GLD,0.14124285623040278
2022-06-30,CTB_ONLY,DBC,0.12368878834921955
2022-06-30,RB_CTB_BAND,SPY,0.09943080132465411
2022-06-30,RB_CTB_BAND,VEA,0.09886519881043007
2022-06-30,RB_CTB_BAND,EEM,0.099713022287918
2022-06-30,RB_CTB_BAND,IEF,0.09915483551990596
2022-06-30,RB_CTB_BAND,TLT,0.10121685573692503
2022-06-30,RB_CTB_BAND,TIP,0.10001248763943817
2022-06-30,RB_CTB_BAND,LQD,0.10080636269205441
2022-06-30,RB_CTB_BAND,VNQ,0.10040227445987868
2022-06-30,RB_CTB_BAND,GLD,0.0994249412415412
2022-06-30,RB_CTB_BAND,DBC,0.10097322028725438
2022-07-29,ERC,SPY,0.09999998458834837
2022-07-29,ERC,VEA,0.09999999440893895
2022-07-29,ERC,EEM,0.09999959815481474
2022-07-29,ERC,IEF,0.09999988138029905
2022-07-29,ERC,TLT,0.10000004587269762
2022-07-29,ERC,TIP,0.0999999541299058
2022-07-29,ERC,LQD,0.10000047079115232
2022-07-29,ERC,VNQ,0.10000009722641318
2022-07-29,ERC,GLD,0.1000001504388557
2022-07-29,ERC,DBC,0.09999982300857427
2022-07-29,CTB_ONLY,SPY,0.08572398569692341
2022-07-29,CTB_ONLY,VEA,0.10746824090281949
2022-07-29,CTB_ONLY,EEM,0.06784739517809892
2022-07-29,CTB_ONLY,IEF,0.12561971965413551
2022-07-29,CTB_ONLY,TLT,0.09456724713756032
2022-07-29,CTB_ONLY,TIP,0.10003180372078446
2022-07-29,CTB_ONLY,LQD,0.06952512418555129
2022-07-29,CTB_ONLY,VNQ,0.09450357415528295
2022-07-29,CTB_ONLY,GLD,0.13591184239065537
2022-07-29,CTB_ONLY,DBC,0.11880106697818829
2022-07-29,RB_CTB_BAND,SPY,0.09980746463576434
2022-07-29,RB_CTB_BAND,VEA,0.09904302707018572
2022-07-29,RB_CTB_BAND,EEM,0.10007824322602821
2022-07-29,RB_CTB_BAND,IEF,0.10012291405982524
2022-07-29,RB_CTB_BAND,TLT,0.10069698143124811
2022-07-29,RB_CTB_BAND,TIP,0.10018311951035003
2022-07-29,RB_CTB_BAND,LQD,0.10029584000557955
2022-07-29,RB_CTB_BAND,VNQ,0.0993335813403919
2022-07-29,RB_CTB_BAND,GLD,0.1000161574656243
2022-07-29,RB_CTB_BAND,DBC,0.10042267125500264
2022-08-31,ERC,SPY,0.09999997485128301
2022-08-31,ERC,VEA,0.09999999805764001
2022-08-31,ERC,EEM,0.09999959080690853
2022-08-31,ERC,IEF,0.0999998640719516
2022-08-31,ERC,TLT,0.10000006213933436
2022-08-31,ERC,TIP,0.09999993533144358
2022-08-31,ERC,LQD,0.10000048355331334
2022-08-31,ERC,VNQ,0.10000010254060702
2022-08-31,ERC,GLD,0.10000016280819567
2022-08-31,ERC,DBC,0.09999982583932278
2022-08-31,CTB_ONLY,SPY,0.08658600502424314
2022-08-31,CTB_ONLY,VEA,0.11037517908774358
2022-08-31,CTB_ONLY,EEM,0.06972736339422149
2022-08-31,CTB_ONLY,IEF,0.13153409797459437
2022-08-31,CTB_ONLY,TLT,0.09290238924941084
2022-08-31,CTB_ONLY,TIP,0.102751378995921
2022-08-31,CTB_ONLY,LQD,0.06604712068159757
2022-08-31,CTB_ONLY,VNQ,0.09035227072625159
2022-08-31,CTB_ONLY,GLD,0.13209090984546715
2022-08-31,CTB_ONLY,DBC,0.11763328502054908
2022-08-31,RB_CTB_BAND,SPY,0.10044619578811277
2022-08-31,RB_CTB_BAND,VEA,0.09969843994401513
2022-08-31,RB_CTB_BAND,EEM,0.1001971364196346
2022-08-31,RB_CTB_BAND,IEF,0.09854561633483722
2022-08-31,RB_CTB_BAND,TLT,0.09996104832020034
2022-08-31,RB_CTB_BAND,TIP,0.09845846303735237
2022-08-31,RB_CTB_BAND,LQD,0.10066552168282314
2022-08-31,RB_CTB_BAND,VNQ,0.10053149670052787
2022-08-31,RB_CTB_BAND,GLD,0.10087586584262663
2022-08-31,RB_CTB_BAND,DBC,0.10062021592986994
2022-09-30,ERC,SPY,0.09999996150381757
2022-09-30,ERC,VEA,0.10000000002469638
2022-09-30,ERC,EEM,0.09999959552622573
2022-09-30,ERC,IEF,0.09999987437671336
2022-09-30,ERC,TLT,0.1000000629302723
2022-09-30,ERC,TIP,0.0999999266799546
2022-09-30,ERC,LQD,0.10000049700402135
2022-09-30,ERC,VNQ,0.10000009980444349
2022-09-30,ERC,GLD,0.10000016116827871
2022-09-30,ERC,DBC,0.09999982098157659
2022-09-30,CTB_ONLY,SPY,0.08241302187405412
2022-09-30,CTB_ONLY,VEA,0.11263261629840186
2022-09-30,CTB_ONLY,EEM,0.06884611870323235
2022-09-30,CTB_ONLY,IEF,0.1269509561237726
2022-09-30,CTB_ONLY,TLT,0.08758037322764013
2022-09-30,CTB_ONLY,TIP,0.11156751277332162
2022-09-30,CTB_ONLY,LQD,0.062301561124535346
2022-09-30,CTB_ONLY,VNQ,0.09010563251208709
2022-09-30,CTB_ONLY,GLD,0.1365299337719527
2022-09-30,CTB_ONLY,DBC,0.12107227359100217
2022-09-30,RB_CTB_BAND,SPY,0.1007088628215073
2022-09-30,RB_CTB_BAND,VEA,0.0997124372760768
2022-09-30,RB_CTB_BAND,EEM,0.09990888845105468
2022-09-30,RB_CTB_BAND,IEF,0.0993164431993682
2022-09-30,RB_CTB_BAND,TLT,0.10054707788017087
2022-09-30,RB_CTB_BAND,TIP,0.09873646586444709
2022-09-30,RB_CTB_BAND,LQD,0.10144446931772991
2022-09-30,RB_CTB_BAND,VNQ,0.10031141187325784
2022-09-30,RB_CTB_BAND,GLD,0.0992229714971759
2022-09-30,RB_CTB_BAND,DBC,0.1000909718192113
2022-10-31,ERC,SPY,0.09999997258454431
2022-10-31,ERC,VEA,0.09999999068732153
2022-10-31,ERC,EEM,0.0999996042105244
2022-10-31,ERC,IEF,0.09999986016492741
2022-10-31,ERC,TLT,0.10000005079441183
2022-10-31,ERC,TIP,0.09999995420785109
2022-10-31,ERC,LQD,0.10000048168679239
2022-10-31,ERC,VNQ,0.1000000991572337
2022-10-31,ERC,GLD,0.10000015956012044
2022-10-31,ERC,DBC,0.09999982694627284
2022-10-31,CTB_ONLY,SPY,0.07821381340989021
2022-10-31,CTB_ONLY,VEA,0.1181182490969047
2022-10-31,CTB_ONLY,EEM,0.07203240552228903
2022-10-31,CTB_ONLY,IEF,0.1331059904470228
2022-10-31,CTB_ONLY,TLT,0.09649694866252977
2022-10-31,CTB_ONLY,TIP,0.09736730572147807
2022-10-31,CTB_ONLY,LQD,0.06343906976297102
2022-10-31,CTB_ONLY,VNQ,0.0879644443063568
2022-10-31,CTB_ONLY,GLD,0.13405630336712765
2022-10-31,CTB_ONLY,DBC,0.1192054697034302
2022-10-31,RB_CTB_BAND,SPY,0.0998189552013004
2022-10-31,RB_CTB_BAND,VEA,0.09966856551638632
2022-10-31,RB_CTB_BAND,EEM,0.0996852242011359
2022-10-31,RB_CTB_BAND,IEF,0.0999867998255569
2022-10-31,RB_CTB_BAND,TLT,0.10040344095476939
2022-10-31,RB_CTB_BAND,TIP,0.10084433481661703
2022-10-31,RB_CTB_BAND,LQD,0.09991165877569075
2022-10-31,RB_CTB_BAND,VNQ,0.10001040236098806
2022-10-31,RB_CTB_BAND,GLD,0.0996739460738825
2022-10-31,RB_CTB_BAND,DBC,0.09999667227367287
2022-11-30,ERC,SPY,0.09999997210492823
2022-11-30,ERC,VEA,0.09999997782900974
2022-11-30,ERC,EEM,0.09999960889904483
2022-11-30,ERC,IEF,0.0999998705410778
2022-11-30,ERC,TLT,0.10000004888156053
2022-11-30,ERC,TIP,0.09999994625892537
2022-11-30,ERC,LQD,0.10000048157439381
2022-11-30,ERC,VNQ,0.10000010000497234
2022-11-30,ERC,GLD,0.10000015878357951
2022-11-30,ERC,DBC,0.09999983512250783
2022-11-30,CTB_ONLY,SPY,0.08513121262242394
2022-11-30,CTB_ONLY,VEA,0.11183178011599994
2022-11-30,CTB_ONLY,EEM,0.06927644457685726
2022-11-30,CTB_ONLY,IEF,0.1251742923291622
2022-11-30,CTB_ONLY,TLT,0.0950071650190241
2022-11-30,CTB_ONLY,TIP,0.10365339599330282
2022-11-30,CTB_ONLY,LQD,0.06454296875396624
2022-11-30,CTB_ONLY,VNQ,0.09002359322627328
2022-11-30,CTB_ONLY,GLD,0.13269317404466566
2022-11-30,CTB_ONLY,DBC,0.12266597331832463
2022-11-30,RB_CTB_BAND,SPY,0.09974873988851758
2022-11-30,RB_CTB_BAND,VEA,0.10047592298121562
2022-11-30,RB_CTB_BAND,EEM,0.09986468209141677
2022-11-30,RB_CTB_BAND,IEF,0.10016377459005393
2022-11-30,RB_CTB_BAND,TLT,0.09998953240640122
2022-11-30,RB_CTB_BAND,TIP,0.10071714976014902
2022-11-30,RB_CTB_BAND,LQD,0.10032847194918613
2022-11-30,RB_CTB_BAND,VNQ,0.09924348278507111
2022-11-30,RB_CTB_BAND,GLD,0.10028844855858123
2022-11-30,RB_CTB_BAND,DBC,0.09917979498940731
2022-12-30,ERC,SPY,0.0999999631898012
2022-12-30,ERC,VEA,0.09999997647511139
2022-12-30,ERC,EEM,0.09999961847290088
2022-12-30,ERC,IEF,0.09999987070180022
2022-12-30,ERC,TLT,0.1000000493422887
2022-12-30,ERC,TIP,0.09999995258240717
2022-12-30,ERC,LQD,0.10000048399700202
2022-12-30,ERC,VNQ,0.10000010205379804
2022-12-30,ERC,GLD,0.10000015292630247
2022-12-30,ERC,DBC,0.09999983025858794
2022-12-30,CTB_ONLY,SPY,0.088999058833395
2022-12-30,CTB_ONLY,VEA,0.1067684306574104
2022-12-30,CTB_ONLY,EEM,0.06774026614098984
2022-12-30,CTB_ONLY,IEF,0.12452534056922611
2022-12-30,CTB_ONLY,TLT,0.09485629364504636
2022-12-30,CTB_ONLY,TIP,0.10387265419119104
2022-12-30,CTB_ONLY,LQD,0.066181846127718
2022-12-30,CTB_ONLY,VNQ,0.08670709620354015
2022-12-30,CTB_ONLY,GLD,0.140221814462019
2022-12-30,CTB_ONLY,DBC,0.12012719916946407
2022-12-30,RB_CTB_BAND,SPY,0.10001315139451755
2022-12-30,RB_CTB_BAND,VEA,0.10062694529140678
2022-12-30,RB_CTB_BAND,EEM,0.09988969149468915
2022-12-30,RB_CTB_BAND,IEF,0.09949793612697098
2022-12-30,RB_CTB_BAND,TLT,0.1001587629197888
2022-12-30,RB_CTB_BAND,TIP,0.10050453431683651
2022-12-30,RB_CTB_BAND,LQD,0.09988137090106236
2022-12-30,RB_CTB_BAND,VNQ,0.10035355977170327
2022-12-30,RB_CTB_BAND,GLD,0.0988445268738951
2022-12-30,RB_CTB_BAND,DBC,0.10022952090912958
2023-01-31,ERC,SPY,0.09999996142916864
2023-01-31,ERC,VEA,0.09999999693798936
2023-01-31,ERC,EEM,0.09999962454004886
2023-01-31,ERC,IEF,0.09999988369846982
2023-01-31,ERC,TLT,0.10000007172203153
2023-01-31,ERC,TIP,0.09999992895719308
2023-01-31,ERC,LQD,0.10000047139537582
2023-01-31,ERC,VNQ,0.10000009539870186
2023-01-31,ERC,GLD,0.10000015437810406
2023-01-31,ERC,DBC,0.09999981154291696
2023-01-31,CTB_ONLY,SPY,0.09313017505450163
2023-01-31,CTB_ONLY,VEA,0.1052099785227166
2023-01-31,CTB_ONLY,EEM,0.0612895506715567
2023-01-31,CTB_ONLY,IEF,0.1156921384009451
2023-01-31,CTB_ONLY,TLT,0.08554037677528033
2023-01-31,CTB_ONLY,TIP,0.11945986663389738
2023-01-31,CTB_ONLY,LQD,0.06934457166983761
2023-01-31,CTB_ONLY,VNQ,0.08382775555417245
2023-01-31,CTB_ONLY,GLD,0.14099977935803573
2023-01-31,CTB_ONLY,DBC,0.12550580735905661
2023-01-31,RB_CTB_BAND,SPY,0.09999001064881587
2023-01-31,RB_CTB_BAND,VEA,0.09954355748517164
2023-01-31,RB_CTB_BAND,EEM,0.10012540592292199
2023-01-31,RB_CTB_BAND,IEF,0.09961186172034293
2023-01-31,RB_CTB_BAND,TLT,0.10054834215664056
2023-01-31,RB_CTB_BAND,TIP,0.099553904865617
2023-01-31,RB_CTB_BAND,LQD,0.09985415461679141
2023-01-31,RB_CTB_BAND,VNQ,0.10084582926808305
2023-01-31,RB_CTB_BAND,GLD,0.0995567369501979
2023-01-31,RB_CTB_BAND,DBC,0.10037019636541772
2023-02-28,ERC,SPY,0.09999995267348609
2023-02-28,ERC,VEA,0.09999999372241793
2023-02-28,ERC,EEM,0.09999962148504361
2023-02-28,ERC,IEF,0.09999987735849174
2023-02-28,ERC,TLT,0.10000007573224877
2023-02-28,ERC,TIP,0.0999999322565406
2023-02-28,ERC,LQD,0.10000047350168347
2023-02-28,ERC,VNQ,0.10000010244361476
2023-02-28,ERC,GLD,0.10000015034211071
2023-02-28,ERC,DBC,0.09999982048436223
2023-02-28,CTB_ONLY,SPY,0.10451557247692447
2023-02-28,CTB_ONLY,VEA,0.10406156399849055
2023-02-28,CTB_ONLY,EEM,0.0494525148802157
2023-02-28,CTB_ONLY,IEF,0.11528861404345779
2023-02-28,CTB_ONLY,TLT,0.09063363295690069
2023-02-28,CTB_ONLY,TIP,0.1149225004472178
2023-02-28,CTB_ONLY,LQD,0.07082447145876378
2023-02-28,CTB_ONLY,VNQ,0.08394478104931993
2023-02-28,CTB_ONLY,GLD,0.1447346682880642
2023-02-28,CTB_ONLY,DBC,0.12162168040064511
2023-02-28,RB_CTB_BAND,SPY,0.1001889294258475
2023-02-28,RB_CTB_BAND,VEA,0.10019011789042355
2023-02-28,RB_CTB_BAND,EEM,0.10038531085479746
2023-02-28,RB_CTB_BAND,IEF,0.09904992202192187
2023-02-28,RB_CTB_BAND,TLT,0.09988524256932037
2023-02-28,RB_CTB_BAND,TIP,0.09940162609687771
2023-02-28,RB_CTB_BAND,LQD,0.10033407973717687
2023-02-28,RB_CTB_BAND,VNQ,0.1004016197128021
2023-02-28,RB_CTB_BAND,GLD,0.09983269082642415
2023-02-28,RB_CTB_BAND,DBC,0.10033046086440835
2023-03-31,ERC,SPY,0.09999995830182504
2023-03-31,ERC,VEA,0.09999999776914843
2023-03-31,ERC,EEM,0.09999960924104355
2023-03-31,ERC,IEF,0.09999988268270035
2023-03-31,ERC,TLT,0.10000006915932837
2023-03-31,ERC,TIP,0.09999994614104793
2023-03-31,ERC,LQD,0.10000046761687324
2023-03-31,ERC,VNQ,0.10000009379341271
2023-03-31,ERC,GLD,0.10000015047138583
2023-03-31,ERC,DBC,0.09999982482323452
2023-03-31,CTB_ONLY,SPY,0.10639659909124499
2023-03-31,CTB_ONLY,VEA,0.10547009172859502
2023-03-31,CTB_ONLY,EEM,0.044343640393283236
2023-03-31,CTB_ONLY,IEF,0.11523435140865006
2023-03-31,CTB_ONLY,TLT,0.09018416573612581
2023-03-31,CTB_ONLY,TIP,0.11507527192590067
2023-03-31,CTB_ONLY,LQD,0.07562801642216067
2023-03-31,CTB_ONLY,VNQ,0.08425491262622818
2023-03-31,CTB_ONLY,GLD,0.14536433059279377
2023-03-31,CTB_ONLY,DBC,0.11804862007501765
2023-03-31,RB_CTB_BAND,SPY,0.09978936324839235
2023-03-31,RB_CTB_BAND,VEA,0.09984376864417438
2023-03-31,RB_CTB_BAND,EEM,0.10048063627104815
2023-03-31,RB_CTB_BAND,IEF,0.0994958687526866
2023-03-31,RB_CTB_BAND,TLT,0.10036244040091688
2023-03-31,RB_CTB_BAND,TIP,0.10028946016002432
2023-03-31,RB_CTB_BAND,LQD,0.09891142553459017
2023-03-31,RB_CTB_BAND,VNQ,0.10075533797611848
2023-03-31,RB_CTB_BAND,GLD,0.09988072515472562
2023-03-31,RB_CTB_BAND,DBC,0.10019097385732299
2023-04-28,ERC,SPY,0.09999995824375157
2023-04-28,ERC,VEA,0.10000000022074258
2023-04-28,ERC,EEM,0.099999612409434
2023-04-28,ERC,IEF,0.09999987512779679
2023-04-28,ERC,TLT,0.10000008938005087
2023-04-28,ERC,TIP,0.09999992538119672
2023-04-28,ERC,LQD,0.10000046100907918
2023-04-28,ERC,VNQ,0.10000009552966664
2023-04-28,ERC,GLD,0.1000001547667893
2023-04-28,ERC,DBC,0.09999982793149226
2023-04-28,CTB_ONLY,SPY,0.10794376744296327
2023-04-28,CTB_ONLY,VEA,0.09957589347946312
2023-04-28,CTB_ONLY,EEM,0.04683185823151976
2023-04-28,CTB_ONLY,IEF,0.11608197694888231
2023-04-28,CTB_ONLY,TLT,0.09038489881222976
2023-04-28,CTB_ONLY,TIP,0.11526489993648747
2023-04-28,CTB_ONLY,LQD,0.07957761376696457
2023-04-28,CTB_ONLY,VNQ,0.07979472564975122
2023-04-28,CTB_ONLY,GLD,0.14397238652827168
2023-04-28,CTB_ONLY,DBC,0.12057197920346671
2023-04-28,RB_CTB_BAND,SPY,0.10004115083939767
2023-04-28,RB_CTB_BAND,VEA,0.10037181408600274
2023-04-28,RB_CTB_BAND,EEM,0.10004310381519682
2023-04-28,RB_CTB_BAND,IEF,0.09888686142414847
2023-04-28,RB_CTB_BAND,TLT,0.10024369381615249
2023-04-28,RB_CTB_BAND,TIP,0.0990289502937339
2023-04-28,RB_CTB_BAND,LQD,0.09949210361030988
2023-04-28,RB_CTB_BAND,VNQ,0.10089801018702566
2023-04-28,RB_CTB_BAND,GLD,0.10091403765789586
2023-04-28,RB_CTB_BAND,DBC,0.10008027427013656
2023-05-31,ERC,SPY,0.09999995443136202
2023-05-31,ERC,VEA,0.09999999997635263
2023-05-31,ERC,EEM,0.0999996099804024
2023-05-31,ERC,IEF,0.09999988638378068
2023-05-31,ERC,TLT,0.10000010010111442
2023-05-31,ERC,TIP,0.09999991210598717
2023-05-31,ERC,LQD,0.10000046520696237
2023-05-31,ERC,VNQ,0.10000008349733183
2023-05-31,ERC,GLD,0.10000015555748563
2023-05-31,ERC,DBC,0.09999983275922061
2023-05-31,CTB_ONLY,SPY,0.10451875505486972
2023-05-31,CTB_ONLY,VEA,0.0915609973984177
2023-05-31,CTB_ONLY,EEM,0.0502473568171703
2023-05-31,CTB_ONLY,IEF,0.11486740227497605
2023-05-31,CTB_ONLY,TLT,0.08824457057579252
2023-05-31,CTB_ONLY,TIP,0.11485243131700223
2023-05-31,CTB_ONLY,LQD,0.08269239392782952
2023-05-31,CTB_ONLY,VNQ,0.07887967849366948
2023-05-31,CTB_ONLY,GLD,0.1502929849416083
2023-05-31,CTB_ONLY,DBC,0.12384342919866406
2023-05-31,RB_CTB_BAND,SPY,0.10042638863151863
2023-05-31,RB_CTB_BAND,VEA,0.10057778499566249
2023-05-31,RB_CTB_BAND,EEM,0.10002436796929583
2023-05-31,RB_CTB_BAND,IEF,0.09921381414582252
2023-05-31,RB_CTB_BAND,TLT,0.10076498676346728
2023-05-31,RB_CTB_BAND,TIP,0.09845355655857069
2023-05-31,RB_CTB_BAND,LQD,0.10045689699132919
2023-05-31,RB_CTB_BAND,VNQ,0.10112404171713367
2023-05-31,RB_CTB_BAND,GLD,0.0991881425485272
2023-05-31,RB_CTB_BAND,DBC,0.0997700196786725
2023-06-30,ERC,SPY,0.09999996338926317
2023-06-30,ERC,VEA,0.1000000050766631
2023-06-30,ERC,EEM,0.09999961354764514
2023-06-30,ERC,IEF,0.09999989762983297
2023-06-30,ERC,TLT,0.10000011807935096
2023-06-30,ERC,TIP,0.0999999041676422
2023-06-30,ERC,LQD,0.10000044639163445
2023-06-30,ERC,VNQ,0.10000007437803929
2023-06-30,ERC,GLD,0.1000001564874032
2023-06-30,ERC,DBC,0.09999982085252565
2023-06-30,CTB_ONLY,SPY,0.10971682805262706
2023-06-30,CTB_ONLY,VEA,0.09655877404153622
2023-06-30,CTB_ONLY,EEM,0.043740147867335294
2023-06-30,CTB_ONLY,IEF,0.11454898125909008
2023-06-30,CTB_ONLY,TLT,0.08728297570742273
2023-06-30,CTB_ONLY,TIP,0.11696113299934718
2023-06-30,CTB_ONLY,LQD,0.0847812696867703
2023-06-30,CTB_ONLY,VNQ,0.07691470840806189
2023-06-30,CTB_ONLY,GLD,0.15349557338298664
2023-06-30,CTB_ONLY,DBC,0.1159996085948226
2023-06-30,RB_CTB_BAND,SPY,0.0996176542152165
2023-06-30,RB_CTB_BAND,VEA,0.09968458157187947
2023-06-30,RB_CTB_BAND,EEM,0.10026142627003216
2023-06-30,RB_CTB_BAND,IEF,0.10011857124677984
2023-06-30,RB_CTB_BAND,TLT,0.1011204479839189
2023-06-30,RB_CTB_BAND,TIP,0.0988305112323821
2023-06-30,RB_CTB_BAND,LQD,0.09890806992644227
2023-06-30,RB_CTB_BAND,VNQ,0.1011880241837906
2023-06-30,RB_CTB_BAND,GLD,0.09912577847385923
2023-06-30,RB_CTB_BAND,DBC,0.101144934895699
2023-07-31,ERC,SPY,0.09999995734920987
2023-07-31,ERC,VEA,0.10000000571854674
2023-07-31,ERC,EEM,0.09999961644727373
2023-07-31,ERC,IEF,0.09999990269450007
2023-07-31,ERC,TLT,0.10000011410574378
2023-07-31,ERC,TIP,0.09999989519853636
2023-07-31,ERC,LQD,0.10000045157887329
2023-07-31,ERC,VNQ,0.1000000743465375
2023-07-31,ERC,GLD,0.10000016751025247
2023-07-31,ERC,DBC,0.09999981505052637
2023-07-31,CTB_ONLY,SPY,0.11031261225111696
2023-07-31,CTB_ONLY,VEA,0.09757896080695609
2023-07-31,CTB_ONLY,EEM,0.04344583230175096
2023-07-31,CTB_ONLY,IEF,0.11472867503815908
2023-07-31,CTB_ONLY,TLT,0.08875633200489602
2023-07-31,CTB_ONLY,TIP,0.11785538745082035
2023-07-31,CTB_ONLY,LQD,0.08524348778016579
2023-07-31,CTB_ONLY,VNQ,0.07882968068170076
2023-07-31,CTB_ONLY,GLD,0.15200792251826153
2023-07-31,CTB_ONLY,DBC,0.1112411091661723
2023-07-31,RB_CTB_BAND,SPY,0.10034259221461188
2023-07-31,RB_CTB_BAND,VEA,0.10009989745237147
2023-07-31,RB_CTB_BAND,EEM,0.10009793904611015
2023-07-31,RB_CTB_BAND,IEF,0.09990428349723343
2023-07-31,RB_CTB_BAND,TLT,0.10049315838122953
2023-07-31,RB_CTB_BAND,TIP,0.09830847107647797
2023-07-31,RB_CTB_BAND,LQD,0.09921369996982936
2023-07-31,RB_CTB_BAND,VNQ,0.1008467195319073
2023-07-31,RB_CTB_BAND,GLD,0.09955251611557227
2023-07-31,RB_CTB_BAND,DBC,0.10114072271465664
2023-08-31,ERC,SPY,0.0999999550462501
2023-08-31,ERC,VEA,0.10000000588451376
2023-08-31,ERC,EEM,0.09999960736244964
2023-08-31,ERC,IEF,0.09999990774968068
2023-08-31,ERC,TLT,0.10000011186039569
2023-08-31,ERC,TIP,0.09999989303408816
2023-08-31,ERC,LQD,0.10000045775119203
2023-08-31,ERC,VNQ,0.1000000757260933
2023-08-31,ERC,GLD,0.10000016851297468
2023-08-31,ERC,DBC,0.09999981707236195
2023-08-31,CTB_ONLY,SPY,0.11557432356373037
2023-08-31,CTB_ONLY,VEA,0.10123445466081032
2023-08-31,CTB_ONLY,EEM,0.03754419972483595
2023-08-31,CTB_ONLY,IEF,0.10323793182873633
2023-08-31,CTB_ONLY,TLT,0.0920341634749481
2023-08-31,CTB_ONLY,TIP,0.12631833765964257
2023-08-31,CTB_ONLY,LQD,0.08161604337552751
2023-08-31,CTB_ONLY,VNQ,0.08182530405937358
2023-08-31,CTB_ONLY,GLD,0.15072883168592557
2023-08-31,CTB_ONLY,DBC,0.10988640996646973
2023-08-31,RB_CTB_BAND,SPY,0.10011388338102489
2023-08-31,RB_CTB_BAND,VEA,0.10002848515024786
2023-08-31,RB_CTB_BAND,EEM,0.10026143529454877
2023-08-31,RB_CTB_BAND,IEF,0.10013710149550248
2023-08-31,RB_CTB_BAND,TLT,0.10041952822614819
2023-08-31,RB_CTB_BAND,TIP,0.09864250029630951
2023-08-31,RB_CTB_BAND,LQD,0.10012478583825044
2023-08-31,RB_CTB_BAND,VNQ,0.10016805709353988
2023-08-31,RB_CTB_BAND,GLD,0.09991118002476436
2023-08-31,RB_CTB_BAND,DBC,0.10019304319966363
2023-09-29,ERC,SPY,0.09999995441312705
2023-09-29,ERC,VEA,0.10000001026018047
2023-09-29,ERC,EEM,0.09999961340906131
2023-09-29,ERC,IEF,0.09999990631498376
2023-09-29,ERC,TLT,0.10000010740122607
2023-09-29,ERC,TIP,0.09999989057056223
2023-09-29,ERC,LQD,0.10000045614455368
2023-09-29,ERC,VNQ,0.10000007183514227
2023-09-29,ERC,GLD,0.10000017169017562
2023-09-29,ERC,DBC,0.09999981796098766
2023-09-29,CTB_ONLY,SPY,0.1114976711715422
2023-09-29,CTB_ONLY,VEA,0.10340085152781317
2023-09-29,CTB_ONLY,EEM,0.044448319092093555
2023-09-29,CTB_ONLY,IEF,0.10112975049548065
2023-09-29,CTB_ONLY,TLT,0.09792735168534314
2023-09-29,CTB_ONLY,TIP,0.12678612007507897
2023-09-29,CTB_ONLY,LQD,0.0788023384395372
2023-09-29,CTB_ONLY,VNQ,0.072884545316325
2023-09-29,CTB_ONLY,GLD,0.1508919259790689
2023-09-29,CTB_ONLY,DBC,0.11223112621771734
2023-09-29,RB_CTB_BAND,SPY,0.10017030394371682
2023-09-29,RB_CTB_BAND,VEA,0.09975604073286339
2023-09-29,RB_CTB_BAND,EEM,0.09984509801582432
2023-09-29,RB_CTB_BAND,IEF,0.10024525826598063
2023-09-29,RB_CTB_BAND,TLT,0.10019338272136018
2023-09-29,RB_CTB_BAND,TIP,0.09907689854084743
2023-09-29,RB_CTB_BAND,LQD,0.09992381284013886
2023-09-29,RB_CTB_BAND,VNQ,0.10091684551410263
2023-09-29,RB_CTB_BAND,GLD,0.09973764478279935
2023-09-29,RB_CTB_BAND,DBC,0.10013471464236648
2023-10-31,ERC,SPY,0.09999994132265677
2023-10-31,ERC,VEA,0.1000000248058579
2023-10-31,ERC,EEM,0.09999961034827785
2023-10-31,ERC,IEF,0.0999998974063592
2023-10-31,ERC,TLT,0.10000010482238836
2023-10-31,ERC,TIP,0.09999989477469776
2023-10-31,ERC,LQD,0.10000045323291358
2023-10-31,ERC,VNQ,0.1000000673790755
2023-10-31,ERC,GLD,0.10000017980057788
2023-10-31,ERC,DBC,0.09999982610719507
2023-10-31,CTB_ONLY,SPY,0.11249530984150605
2023-10-31,CTB_ONLY,VEA,0.10028791331366364
2023-10-31,CTB_ONLY,EEM,0.0482119120270951
2023-10-31,CTB_ONLY,IEF,0.10118384067020036
2023-10-31,CTB_ONLY,TLT,0.0989091221035397
2023-10-31,CTB_ONLY,TIP,0.12785352350104254
2023-10-31,CTB_ONLY,LQD,0.07903425203185378
2023-10-31,CTB_ONLY,VNQ,0.0692808295067624
2023-10-31,CTB_ONLY,GLD,0.14948078611671042
2023-10-31,CTB_ONLY,DBC,0.113262510887626
2023-10-31,RB_CTB_BAND,SPY,0.10048216315764066
2023-10-31,RB_CTB_BAND,VEA,0.09970423232340961
2023-10-31,RB_CTB_BAND,EEM,0.09987625048335624
2023-10-31,RB_CTB_BAND,IEF,0.0999223747094952
2023-10-31,RB_CTB_BAND,TLT,0.0999923702475852
2023-10-31,RB_CTB_BAND,TIP,0.09963660260656204
2023-10-31,RB_CTB_BAND,LQD,0.09984485641267739
2023-10-31,RB_CTB_BAND,VNQ,0.10079943034546635
2023-10-31,RB_CTB_BAND,GLD,0.0999569021645546
2023-10-31,RB_CTB_BAND,DBC,0.09978481754925268
2023-11-30,ERC,SPY,0.09999993290932961
2023-11-30,ERC,VEA,0.10000003108196671
2023-11-30,ERC,EEM,0.09999963020460868
2023-11-30,ERC,IEF,0.09999988697476979
2023-11-30,ERC,TLT,0.10000011117440578
2023-11-30,ERC,TIP,0.09999991408654442
2023-11-30,ERC,LQD,0.10000044408890345
2023-11-30,ERC,VNQ,0.10000005571066317
2023-11-30,ERC,GLD,0.1000001718169403
2023-11-30,ERC,DBC,0.09999982195186806
2023-11-30,CTB_ONLY,SPY,0.10664885266131288
2023-11-30,CTB_ONLY,VEA,0.09701396157594501
2023-11-30,CTB_ONLY,EEM,0.056297880742018684
2023-11-30,CTB_ONLY,IEF,0.1068053279651273
2023-11-30,CTB_ONLY,TLT,0.09869791030131106
2023-11-30,CTB_ONLY,TIP,0.1188570804241477
2023-11-30,CTB_ONLY,LQD,0.08218625529764295
2023-11-30,CTB_ONLY,VNQ,0.06755762367752995
2023-11-30,CTB_ONLY,GLD,0.15235985773864413
2023-11-30,CTB_ONLY,DBC,0.11357524961632044
2023-11-30,RB_CTB_BAND,SPY,0.10047404576734668
2023-11-30,RB_CTB_BAND,VEA,0.09951902453779023
2023-11-30,RB_CTB_BAND,EEM,0.09948167017012396
2023-11-30,RB_CTB_BAND,IEF,0.09988899283547281
2023-11-30,RB_CTB_BAND,TLT,0.10009322148944633
2023-11-30,RB_CTB_BAND,TIP,0.10057430702875395
2023-11-30,RB_CTB_BAND,LQD,0.10029763941486225
2023-11-30,RB_CTB_BAND,VNQ,0.10080179730196744
2023-11-30,RB_CTB_BAND,GLD,0.09890218588100304
2023-11-30,RB_CTB_BAND,DBC,0.09996711557323343
2023-12-29,ERC,SPY,0.09999992722742292
2023-12-29,ERC,VEA,0.10000003336971354
2023-12-29,ERC,EEM,0.09999963583483247
2023-12-29,ERC,IEF,0.09999986149937024
2023-12-29,ERC,TLT,0.10000011261747405
2023-12-29,ERC,TIP,0.09999991811692284
2023-12-29,ERC,LQD,0.10000044729272735
2023-12-29,ERC,VNQ,0.10000005412191842
2023-12-29,ERC,GLD,0.1000001753470621
2023-12-29,ERC,DBC,0.09999983457255608
2023-12-29,CTB_ONLY,SPY,0.09775876043024255
2023-12-29,CTB_ONLY,VEA,0.10410562396664122
2023-12-29,CTB_ONLY,EEM,0.0606072470964278
2023-12-29,CTB_ONLY,IEF,0.11337163794510027
2023-12-29,CTB_ONLY,TLT,0.09270684771350306
2023-12-29,CTB_ONLY,TIP,0.12079492510397906
2023-12-29,CTB_ONLY,LQD,0.0764889663196303
2023-12-29,CTB_ONLY,VNQ,0.06655825792285136
2023-12-29,CTB_ONLY,GLD,0.15131218312873032
2023-12-29,CTB_ONLY,DBC,0.1162955503728939
2023-12-29,RB_CTB_BAND,SPY,0.10049287967361548
2023-12-29,RB_CTB_BAND,VEA,0.09931748995118823
2023-12-29,RB_CTB_BAND,EEM,0.09957313304261568
2023-12-29,RB_CTB_BAND,IEF,0.09915480010781837
2023-12-29,RB_CTB_BAND,TLT,0.10054285698902299
2023-12-29,RB_CTB_BAND,TIP,0.10106076401357784
2023-12-29,RB_CTB_BAND,LQD,0.1012201601752197
2023-12-29,RB_CTB_BAND,VNQ,0.1001664135546845
2023-12-29,RB_CTB_BAND,GLD,0.09931671950017303
2023-12-29,RB_CTB_BAND,DBC,0.09915478299208429
2024-01-31,ERC,SPY,0.09999992705834115
2024-01-31,ERC,VEA,0.10000003258189406
2024-01-31,ERC,EEM,0.09999963639702761
2024-01-31,ERC,IEF,0.09999985191094984
2024-01-31,ERC,TLT,0.1000001049691963
2024-01-31,ERC,TIP,0.09999993554637292
2024-01-31,ERC,LQD,0.10000044374947309
2024-01-31,ERC,VNQ,0.1000000604357443
2024-01-31,ERC,GLD,0.10000016263240524
2024-01-31,ERC,DBC,0.09999984471859552
2024-01-31,CTB_ONLY,SPY,0.0840830991452456
2024-01-31,CTB_ONLY,VEA,0.10755277224434306
2024-01-31,CTB_ONLY,EEM,0.06867394546542054
2024-01-31,CTB_ONLY,IEF,0.11202192972852287
2024-01-31,CTB_ONLY,TLT,0.09219599243258209
2024-01-31,CTB_ONLY,TIP,0.11892767026220107
2024-01-31,CTB_ONLY,LQD,0.07561220474662678
2024-01-31,CTB_ONLY,VNQ,0.07117506242575518
2024-01-31,CTB_ONLY,GLD,0.15442352412252777
2024-01-31,CTB_ONLY,DBC,0.11533379942677502
2024-01-31,RB_CTB_BAND,SPY,0.10063869768720411
2024-01-31,RB_CTB_BAND,VEA,0.09947887238088428
2024-01-31,RB_CTB_BAND,EEM,0.09966867004775193
2024-01-31,RB_CTB_BAND,IEF,0.09917925669192815
2024-01-31,RB_CTB_BAND,TLT,0.10012225904935523
2024-01-31,RB_CTB_BAND,TIP,0.1018113497861414
2024-01-31,RB_CTB_BAND,LQD,0.10166246453117568
2024-01-31,RB_CTB_BAND,VNQ,0.09923365703305755
2024-01-31,RB_CTB_BAND,GLD,0.09894777727990223
2024-01-31,RB_CTB_BAND,DBC,0.09925699551259941
2024-02-29,ERC,SPY,0.09999993014588039
2024-02-29,ERC,VEA,0.10000003385930048
2024-02-29,ERC,EEM,0.09999963362202771
2024-02-29,ERC,IEF,0.09999984625206407
2024-02-29,ERC,TLT,0.10000011044924528
2024-02-29,ERC,TIP,0.09999991980837342
2024-02-29,ERC,LQD,0.1000004569136406
2024-02-29,ERC,VNQ,0.10000005914223514
2024-02-29,ERC,GLD,0.10000016203832475
2024-02-29,ERC,DBC,0.09999984776890808
2024-02-29,CTB_ONLY,SPY,0.07934244943993624
2024-02-29,CTB_ONLY,VEA,0.10715813724988776
2024-02-29,CTB_ONLY,EEM,0.06976330961610158
2024-02-29,CTB_ONLY,IEF,0.11242069322953227
2024-02-29,CTB_ONLY,TLT,0.09384453545535523
2024-02-29,CTB_ONLY,TIP,0.1187050879854287
2024-02-29,CTB_ONLY,LQD,0.07617403729580913
2024-02-29,CTB_ONLY,VNQ,0.07309528773545691
2024-02-29,CTB_ONLY,GLD,0.15434798728925142
2024-02-29,CTB_ONLY,DBC,0.11514847470324059
2024-02-29,RB_CTB_BAND,SPY,0.100411649095682
2024-02-29,RB_CTB_BAND,VEA,0.10015836075370482
2024-02-29,RB_CTB_BAND,EEM,0.0998539272535626
2024-02-29,RB_CTB_BAND,IEF,0.098173218124228
2024-02-29,RB_CTB_BAND,TLT,0.09960141612294399
2024-02-29,RB_CTB_BAND,TIP,0.09996938525713797
2024-02-29,RB_CTB_BAND,LQD,0.1012542058877183
2024-02-29,RB_CTB_BAND,VNQ,0.10001339006231506
2024-02-29,RB_CTB_BAND,GLD,0.10054025070484507
2024-02-29,RB_CTB_BAND,DBC,0.10002419673786239
2024-03-29,ERC,SPY,0.09999992692547782
2024-03-29,ERC,VEA,0.10000003726866045
2024-03-29,ERC,EEM,0.09999961912160153
2024-03-29,ERC,IEF,0.09999984358733374
2024-03-29,ERC,TLT,0.10000009965070904
2024-03-29,ERC,TIP,0.09999992107011965
2024-03-29,ERC,LQD,0.10000047467236232
2024-03-29,ERC,VNQ,0.10000006589704451
2024-03-29,ERC,GLD,0.10000017070965708
2024-03-29,ERC,DBC,0.09999984109703378
2024-03-29,CTB_ONLY,SPY,0.0723316062351945
2024-03-29,CTB_ONLY,VEA,0.10365901048776982
2024-03-29,CTB_ONLY,EEM,0.08543402357608934
2024-03-29,CTB_ONLY,IEF,0.1143143034900296
2024-03-29,CTB_ONLY,TLT,0.09301587398448673
2024-03-29,CTB_ONLY,TIP,0.12146680057140555
2024-03-29,CTB_ONLY,LQD,0.07358345229600274
2024-03-29,CTB_ONLY,VNQ,0.07826715396253782
2024-03-29,CTB_ONLY,GLD,0.14817422562407118
2024-03-29,CTB_ONLY,DBC,0.10975354977241267
2024-03-29,RB_CTB_BAND,SPY,0.10017545654778638
2024-03-29,RB_CTB_BAND,VEA,0.10004614359381965
2024-03-29,RB_CTB_BAND,EEM,0.09969543872273538
2024-03-29,RB_CTB_BAND,IEF,0.09818115361145531
2024-03-29,RB_CTB_BAND,TLT,0.09990597719137868
2024-03-29,RB_CTB_BAND,TIP,0.09995853297719368
2024-03-29,RB_CTB_BAND,LQD,0.10061558524056166
2024-03-29,RB_CTB_BAND,VNQ,0.0995729105890331
2024-03-29,RB_CTB_BAND,GLD,0.10122320722015385
2024-03-29,RB_CTB_BAND,DBC,0.10062559430588221
2024-04-30,ERC,SPY,0.09999993210197572
2024-04-30,ERC,VEA,0.10000003144042216
2024-04-30,ERC,EEM,0.09999962044302674
2024-04-30,ERC,IEF,0.09999984721367908
2024-04-30,ERC,TLT,0.10000010014153611
2024-04-30,ERC,TIP,0.09999991358643182
2024-04-30,ERC,LQD,0.1000004734880281
2024-04-30,ERC,VNQ,0.10000006618039155
2024-04-30,ERC,GLD,0.10000017333430143
2024-04-30,ERC,DBC,0.09999984207020739
2024-04-30,CTB_ONLY,SPY,0.0753093463320065
2024-04-30,CTB_ONLY,VEA,0.09865873371419316
2024-04-30,CTB_ONLY,EEM,0.08513991208914463
2024-04-30,CTB_ONLY,IEF,0.1147240039891214
2024-04-30,CTB_ONLY,TLT,0.0945842658714495
2024-04-30,CTB_ONLY,TIP,0.12192822508316778
2024-04-30,CTB_ONLY,LQD,0.07290858225315026
2024-04-30,CTB_ONLY,VNQ,0.07700653615318057
2024-04-30,CTB_ONLY,GLD,0.14789851317526087
2024-04-30,CTB_ONLY,DBC,0.11184188133932522
2024-04-30,RB_CTB_BAND,SPY,0.09984540904297738
2024-04-30,RB_CTB_BAND,VEA,0.10059449906071934
2024-04-30,RB_CTB_BAND,EEM,0.09994835351817624
2024-04-30,RB_CTB_BAND,IEF,0.09875750309428753
2024-04-30,RB_CTB_BAND,TLT,0.09961115015898986
2024-04-30,RB_CTB_BAND,TIP,0.09992592123321713
2024-04-30,RB_CTB_BAND,LQD,0.09994217595747966
2024-04-30,RB_CTB_BAND,VNQ,0.1001402315488429
2024-04-30,RB_CTB_BAND,GLD,0.10106850374251934
2024-04-30,RB_CTB_BAND,DBC,0.10016625264279051
2024-05-31,ERC,SPY,0.09999992101254863
2024-05-31,ERC,VEA,0.10000002997228026
2024-05-31,ERC,EEM,0.09999962655785365
2024-05-31,ERC,IEF,0.0999998355466711
2024-05-31,ERC,TLT,0.10000010132199653
2024-05-31,ERC,TIP,0.09999990395548106
2024-05-31,ERC,LQD,0.1000004824594811
2024-05-31,ERC,VNQ,0.10000006889419072
2024-05-31,ERC,GLD,0.10000017851718405
2024-05-31,ERC,DBC,0.09999985176231291
2024-05-31,CTB_ONLY,SPY,0.07503048975790327
2024-05-31,CTB_ONLY,VEA,0.09314807313663938
2024-05-31,CTB_ONLY,EEM,0.09114295217211364
2024-05-31,CTB_ONLY,IEF,0.11448658790402806
2024-05-31,CTB_ONLY,TLT,0.09807979773268805
2024-05-31,CTB_ONLY,TIP,0.12256265641367725
2024-05-31,CTB_ONLY,LQD,0.0719831145797069
2024-05-31,CTB_ONLY,VNQ,0.07744389191732232
2024-05-31,CTB_ONLY,GLD,0.1434014767896642
2024-05-31,CTB_ONLY,DBC,0.11272095959625689
2024-05-31,RB_CTB_BAND,SPY,0.10019817549616515
2024-05-31,RB_CTB_BAND,VEA,0.10038624238791541
2024-05-31,RB_CTB_BAND,EEM,0.09954943239519858
2024-05-31,RB_CTB_BAND,IEF,0.09811267526741517
2024-05-31,RB_CTB_BAND,TLT,0.09999984381977883
2024-05-31,RB_CTB_BAND,TIP,0.09925472773199887
2024-05-31,RB_CTB_BAND,LQD,0.10027678269680965
2024-05-31,RB_CTB_BAND,VNQ,0.10008294671954182
2024-05-31,RB_CTB_BAND,GLD,0.10234146434957317
2024-05-31,RB_CTB_BAND,DBC,0.09979770913560332
2024-06-28,ERC,SPY,0.09999991448487039
2024-06-28,ERC,VEA,0.10000002935812292
2024-06-28,ERC,EEM,0.09999962331880163
2024-06-28,ERC,IEF,0.0999998421761183
2024-06-28,ERC,TLT,0.10000010810671728
2024-06-28,ERC,TIP,0.09999988989544539
2024-06-28,ERC,LQD,0.10000048957092625
2024-06-28,ERC,VNQ,0.10000006972883714
2024-06-28,ERC,GLD,0.10000017796316397
2024-06-28,ERC,DBC,0.0999998553969967
2024-06-28,CTB_ONLY,SPY,0.07665516419360577
2024-06-28,CTB_ONLY,VEA,0.09329962192886136
2024-06-28,CTB_ONLY,EEM,0.0884375584805819
2024-06-28,CTB_ONLY,IEF,0.11484998910183697
2024-06-28,CTB_ONLY,TLT,0.09865935028465007
2024-06-28,CTB_ONLY,TIP,0.12280086960901458
2024-06-28,CTB_ONLY,LQD,0.07439805431674903
2024-06-28,CTB_ONLY,VNQ,0.0749760299911816
2024-06-28,CTB_ONLY,GLD,0.14192275437498833
2024-06-28,CTB_ONLY,DBC,0.11400060771853045
2024-06-28,RB_CTB_BAND,SPY,0.10015883141346792
2024-06-28,RB_CTB_BAND,VEA,0.10010821848329247
2024-06-28,RB_CTB_BAND,EEM,0.09988903650826107
2024-06-28,RB_CTB_BAND,IEF,0.09829791601762332
2024-06-28,RB_CTB_BAND,TLT,0.10030847042693807
2024-06-28,RB_CTB_BAND,TIP,0.09845705505170986
2024-06-28,RB_CTB_BAND,LQD,0.1001489412731465
2024-06-28,RB_CTB_BAND,VNQ,0.10036439241882755
2024-06-28,RB_CTB_BAND,GLD,0.1024064045222861
2024-06-28,RB_CTB_BAND,DBC,0.09986073388444701
2024-07-31,ERC,SPY,0.09999990359839254
2024-07-31,ERC,VEA,0.10000004157160484
2024-07-31,ERC,EEM,0.09999963564122073
2024-07-31,ERC,IEF,0.09999986782594018
2024-07-31,ERC,TLT,0.10000011603196463
2024-07-31,ERC,TIP,0.09999988893574725
2024-07-31,ERC,LQD,0.10000046649955309
2024-07-31,ERC,VNQ,0.1000000690090161
2024-07-31,ERC,GLD,0.10000016967831317
2024-07-31,ERC,DBC,0.09999984120824747
2024-07-31,CTB_ONLY,SPY,0.06906424903983116
2024-07-31,CTB_ONLY,VEA,0.0962968280858983
2024-07-31,CTB_ONLY,EEM,0.08419193560854613
2024-07-31,CTB_ONLY,IEF,0.10523458333892438
2024-07-31,CTB_ONLY,TLT,0.0939548090747001
2024-07-31,CTB_ONLY,TIP,0.1275831231151083
2024-07-31,CTB_ONLY,LQD,0.07941328044657918
2024-07-31,CTB_ONLY,VNQ,0.08171625487476082
2024-07-31,CTB_ONLY,GLD,0.14814668769530573
2024-07-31,CTB_ONLY,DBC,0.1143982487203461
2024-07-31,RB_CTB_BAND,SPY,0.10048905242477604
2024-07-31,RB_CTB_BAND,VEA,0.09943579966966253
2024-07-31,RB_CTB_BAND,EEM,0.09987209585818957
2024-07-31,RB_CTB_BAND,IEF,0.10037662080878489
2024-07-31,RB_CTB_BAND,TLT,0.10099068479410436
2024-07-31,RB_CTB_BAND,TIP,0.09935815231213295
2024-07-31,RB_CTB_BAND,LQD,0.10001535883717207
2024-07-31,RB_CTB_BAND,VNQ,0.09936941299485363
2024-07-31,RB_CTB_BAND,GLD,0.09999636788047912
2024-07-31,RB_CTB_BAND,DBC,0.10009645441984501
2024-08-30,ERC,SPY,0.0999999112087845
2024-08-30,ERC,VEA,0.10000003574946713
2024-08-30,ERC,EEM,0.09999964474733486
2024-08-30,ERC,IEF,0.09999985856611504
2024-08-30,ERC,TLT,0.10000009986811616
2024-08-30,ERC,TIP,0.09999991213477658
2024-08-30,ERC,LQD,0.10000046330566462
2024-08-30,ERC,VNQ,0.1000000634151139
2024-08-30,ERC,GLD,0.10000017107148142
2024-08-30,ERC,DBC,0.09999983993314575
2024-08-30,CTB_ONLY,SPY,0.07283692061585856
2024-08-30,CTB_ONLY,VEA,0.09615197659126117
2024-08-30,CTB_ONLY,EEM,0.08606495090076519
2024-08-30,CTB_ONLY,IEF,0.10741678652429316
2024-08-30,CTB_ONLY,TLT,0.10029591280688781
2024-08-30,CTB_ONLY,TIP,0.12122874052323727
2024-08-30,CTB_ONLY,LQD,0.08096936444332693
2024-08-30,CTB_ONLY,VNQ,0.07945409384880012
2024-08-30,CTB_ONLY,GLD,0.14728991585795756
2024-08-30,CTB_ONLY,DBC,0.10829133788761237
2024-08-30,RB_CTB_BAND,SPY,0.09969163980869426
2024-08-30,RB_CTB_BAND,VEA,0.0996058265217526
2024-08-30,RB_CTB_BAND,EEM,0.09958363971755835
2024-08-30,RB_CTB_BAND,IEF,0.10002523987327744
2024-08-30,RB_CTB_BAND,TLT,0.100689501139348
2024-08-30,RB_CTB_BAND,TIP,0.10040907971241181
2024-08-30,RB_CTB_BAND,LQD,0.0996656823748933
2024-08-30,RB_CTB_BAND,VNQ,0.10001373480833758
2024-08-30,RB_CTB_BAND,GLD,0.09980037939910814
2024-08-30,RB_CTB_BAND,DBC,0.10051527664461851
2024-09-30,ERC,SPY,0.09999991180408747
2024-09-30,ERC,VEA,0.10000003911344728
2024-09-30,ERC,EEM,0.09999965059097546
2024-09-30,ERC,IEF,0.09999985427666634
2024-09-30,ERC,TLT,0.10000010878111187
2024-09-30,ERC,TIP,0.09999991185597988
2024-09-30,ERC,LQD,0.10000045421306618
2024-09-30,ERC,VNQ,0.10000006429667901
2024-09-30,ERC,GLD,0.10000017032220486
2024-09-30,ERC,DBC,0.09999983474578159
2024-09-30,CTB_ONLY,SPY,0.07242766358598221
2024-09-30,CTB_ONLY,VEA,0.09861895774814787
2024-09-30,CTB_ONLY,EEM,0.08008550897629653
2024-09-30,CTB_ONLY,IEF,0.10663396891448206
2024-09-30,CTB_ONLY,TLT,0.09935925267753704
2024-09-30,CTB_ONLY,TIP,0.12081662168959917
2024-09-30,CTB_ONLY,LQD,0.0799168191928473
2024-09-30,CTB_ONLY,VNQ,0.08684275228154982
2024-09-30,CTB_ONLY,GLD,0.14737814824932663
2024-09-30,CTB_ONLY,DBC,0.1079203066842313
2024-09-30,RB_CTB_BAND,SPY,0.10007728866018725
2024-09-30,RB_CTB_BAND,VEA,0.09971813293758994
2024-09-30,RB_CTB_BAND,EEM,0.10018233002726029
2024-09-30,RB_CTB_BAND,IEF,0.09994273037053639
2024-09-30,RB_CTB_BAND,TLT,0.10038055901550694
2024-09-30,RB_CTB_BAND,TIP,0.10046516250257317
2024-09-30,RB_CTB_BAND,LQD,0.09943935796938443
2024-09-30,RB_CTB_BAND,VNQ,0.09929523358543424
2024-09-30,RB_CTB_BAND,GLD,0.10018406713380197
2024-09-30,RB_CTB_BAND,DBC,0.1003151377977255
2024-10-31,ERC,SPY,0.09999989564531545
2024-10-31,ERC,VEA,0.10000004218119607
2024-10-31,ERC,EEM,0.09999966928168451
2024-10-31,ERC,IEF,0.09999985095622238
2024-10-31,ERC,TLT,0.10000011959010548
2024-10-31,ERC,TIP,0.09999989785687957
2024-10-31,ERC,LQD,0.10000045910603168
2024-10-31,ERC,VNQ,0.10000006234590905
2024-10-31,ERC,GLD,0.10000017383078125
2024-10-31,ERC,DBC,0.09999982920587464
2024-10-31,CTB_ONLY,SPY,0.0745671245277667
2024-10-31,CTB_ONLY,VEA,0.10585271987702738
2024-10-31,CTB_ONLY,EEM,0.07146371535455173
2024-10-31,CTB_ONLY,IEF,0.10377372007287655
2024-10-31,CTB_ONLY,TLT,0.09612649529260059
2024-10-31,CTB_ONLY,TIP,0.1266448814576666
2024-10-31,CTB_ONLY,LQD,0.07353437118748024
2024-10-31,CTB_ONLY,VNQ,0.0852604003900907
2024-10-31,CTB_ONLY,GLD,0.15130145057399616
2024-10-31,CTB_ONLY,DBC,0.11147512126594322
2024-10-31,RB_CTB_BAND,SPY,0.10054068247895573
2024-10-31,RB_CTB_BAND,VEA,0.09973961376276234
2024-10-31,RB_CTB_BAND,EEM,0.09996713652966242
2024-10-31,RB_CTB_BAND,IEF,0.09970589841354949
2024-10-31,RB_CTB_BAND,TLT,0.10036530493369904
2024-10-31,RB_CTB_BAND,TIP,0.09962738698466117
2024-10-31,RB_CTB_BAND,LQD,0.10143493292059216
2024-10-31,RB_CTB_BAND,VNQ,0.10019903570749578
2024-10-31,RB_CTB_BAND,GLD,0.09823970636878099
2024-10-31,RB_CTB_BAND,DBC,0.1001803018998408
2024-11-29,ERC,SPY,0.09999989419144853
2024-11-29,ERC,VEA,0.10000005141395935
2024-11-29,ERC,EEM,0.09999966316842943
2024-11-29,ERC,IEF,0.09999983261436823
2024-11-29,ERC,TLT,0.10000011196977664
2024-11-29,ERC,TIP,0.09999991530815175
2024-11-29,ERC,LQD,0.1000004551464973
2024-11-29,ERC,VNQ,0.10000006270956958
2024-11-29,ERC,GLD,0.10000017419766528
2024-11-29,ERC,DBC,0.09999983928013392
2024-11-29,CTB_ONLY,SPY,0.08073006488963128
2024-11-29,CTB_ONLY,VEA,0.1059562687803436
2024-11-29,CTB_ONLY,EEM,0.07044854986860319
2024-11-29,CTB_ONLY,IEF,0.10403801581855789
2024-11-29,CTB_ONLY,TLT,0.0976926328100818
2024-11-29,CTB_ONLY,TIP,0.12582846565011288
2024-11-29,CTB_ONLY,LQD,0.06916358494672337
2024-11-29,CTB_ONLY,VNQ,0.08154818227834043
2024-11-29,CTB_ONLY,GLD,0.15022887272978738
2024-11-29,CTB_ONLY,DBC,0.11436536222781829
2024-11-29,RB_CTB_BAND,SPY,0.09993130087495136
2024-11-29,RB_CTB_BAND,VEA,0.09945591624914599
2024-11-29,RB_CTB_BAND,EEM,0.10009809395253569
2024-11-29,RB_CTB_BAND,IEF,0.09952630575480957
2024-11-29,RB_CTB_BAND,TLT,0.1000206652361153
2024-11-29,RB_CTB_BAND,TIP,0.10073928570434439
2024-11-29,RB_CTB_BAND,LQD,0.1017061158555035
2024-11-29,RB_CTB_BAND,VNQ,0.1002550557249462
2024-11-29,RB_CTB_BAND,GLD,0.09874137868208065
2024-11-29,RB_CTB_BAND,DBC,0.0995258819655672
